metric,gain,dps,status,log_parameter_below_one,below_supplied_comparison_range,sensitivity_opposite_sign,r,L,peak,peak_time,gain_derivative,predicted_peak,predicted_time,predicted_gain_derivative,gamma,a_p,h_p,chi,j_p,d,stationarity_residual,curvature,singular_gap,bracket_lower,bracket_upper,spectral_propagator_relative_error,spectral_sensitivity_relative_error,height_error_pct,correction_error_pct,time_error_pct,sensitivity_error_pct,projection_error_pct,height_residual,time_residual,sensitivity_residual,R_G,R_t,R_D,correction_denominator,correction_ratio_to_gamma,correction_defined,derivative_relative_defined
normalized,10,110,stationary witness; not an interval-certified global extremum,True,True,True,10.0,0.2727588259396947582824343149313310792428091465996938654100766291862293052609884132417270774467935576,1.121619441869011277503496431797682573357576236363389303709053655714931418610760841380119745298366996,0.1057929986991511714924902965395010276102225250769565312531922480261249050685378045375608129163798326,0.008949409753436440514192392933754586064611114833920883708032348165235214332087312962806250832493833539,1.553110534695153718960331693554042584301216579987048983330771174080935948143887648998642226634303657,0.02727588259396947582824343149313310792428091465996938654100766291862293052609884132417270774467935576,-0.06978058328228390188578438815705828851311464150955909769392406747319361162989670765613458600010175188,1.649242250247064219928563942389630810058879690149448173759453429237981738535048637435145460324273719,7.939375483747495198260761304061711108888095252579901673679229298889819066901280649978490936909875808,9.143593063869753101662773621777806108708788870387381786872263865039986991584019651662497625621341058,1.042903187656231786131297787099325365184291568770974580465536727312253158191280756025165511675643675,-2.607257969140579465328244467748313412960728921927436451163841818280632895478201890062913779189109188,1.0,3.982007282914695492418710030698916654470464178242386930032616952859615579355137898902962453294924156e-103,-25.81908286193901944501428637011910462037191452666999203727196993463194642225884976147059197788882519,0.4038256542077660848774236510332889896611668370443319703106059666328093517919201305312818865833474556,0.00005,1.772758825939694758282434314931331079242809146599693865410076629186229305260988413241727077446793558,2.279021475583765481280294103718993215878493527996730864255422865080127157602070002202297465169850808e-111,2.011509449709091270907783926276539840432302791377769760932486005179677736864790665497850931323659032e-110,38.4703649668489146131128773211660273635235037225148551156511909506242112675348339152724889656418309,448.8540440050090010072331019925685669638728117178692913320673298059479553002229248875577368223454703,74.21768649215127744063693273797094800269471022820580602390950665448193120861548667463129845805422785,879.7227437875351904621081778950477249168379539972788336677097181931329687931822364051915412021936825,47.04116108212678060675661809944285175473440468609710562262430686406257108884721498349768840013346476,-0.4314910928261424414568352617563600109436403436236596796217175183660045295331268076185224813359366606,0.07851711610518169566424686504636791968594161041698714471218458510750197454243896321338810517170047682,0.07872999303572034239997678109081287457772575634347998140195641563842882596198402061894083683259558542,-579.9815927431983663497092342802394850190487485176053456504971606429078966643100221512121229388611905,28.78627880680984111589698764464134239611111001361710155507641316951155513346331130164126655904200357,1058.236137817941803658795674860579691650678518716236542089980691516862745053151067800296126183706415,0.09613171555191050096823224883558822575766311016239919042868225515704579039116098843650323368997006201,0.05828841429299396092966981590196362077365873965585810018851705309252269838760851247573701580509802041,True,True
normalized,25,110,stationary witness; not an interval-certified global extremum,False,True,False,25.0,1.189049557813849823465961526699342150692910366507956333202044511167014670998951462265997628543554481,1.247369737084083840824142815233772633904495383721035318807576130899187199589178896463685534667023065,0.06585726080649523753278136493989967279605099660359952459539475367852146722070783460984276392440055218,0.006551549193506631875506200159116791505308314569090335343644121401152744077209469319391303862999505171,1.319798517121231368015465744525414554969185954933103089253262735436524429076892718636634463443410044,0.04756198231255399293863846106797368602771641466031825332808178044668058683995805849063990514174217923,0.0004747485510373217593067098280699124293667970045259607023608608738345818712841877119748543761787457033,1.649242250247064219928563942389630810058879690149448173759453429237981738535048637435145460324273719,7.939375483747495198260761304061711108888095252579901673679229298889819066901280649978490936909875808,9.143593063869753101662773621777806108708788870387381786872263865039986991584019651662497625621341058,1.042903187656231786131297787099325365184291568770974580465536727312253158191280756025165511675643675,-2.607257969140579465328244467748313412960728921927436451163841818280632895478201890062913779189109188,1.0,2.758213898771239211794213013126707162333321956159745036002513078005789348321789439546684846214903709e-111,-107.4730664621114038885503644453637169418736513553188035752853150032893187421778142227546526381715382,0.4219199871628656282866454432854528332506048266192222499143824485121904510009979336464611547038361582,0.6890495578138498234659615266993421506929103665079563332020445111670146709989514622659976285435544809,1.689049557813849823465961526699342150692910366507956333202044511167014670998951462265997628543554481,4.163214080849820692125679445284862022640361335194084368810866039972823673310230267446834261722653224e-111,1.496975356697607472601426427613325712530438803368460134864681031124493673856995929290040312081231891e-110,5.806520543496653847399542176879024875560930456644173605241772060554517707863290199246047649149869765,21.98517463055912948740640516841171182610294681533583928315976959350778226022892202195777243755344002,27.78019958603691978022423381323610090205173273024853546782093936760689755534701279680912746601858238,92.75364441271609006311242040810014101673992213814638427067840586097158772018590213817801742262249127,32.21759364648515510243947825046931582716667525010720752730619567846003582035643781208428980312929985,-0.07242878003714752719132292929164192106469057121206777044568660453733722948771382217294892877638697897,0.01829527849394124459414290387192598676833458194328127126731297323184088038074977611920285878265837294,0.006076800642469310116199490331046879075941517564564374641283260527318162205925281607416449486820759468,-32.01778441242193730511961975366102747784153954412397348985135760563715136774909338877967217106255344,9.616545402646202821841931727312371733943018410690001967423243933867579693945273337957571244942325089,67.15759011406099734078310829243086463997323931241564645130911130436681055884272944549325026127818316,0.3294437331258328519130981978642162550896937352163450845061906938014573094581559187985109968808636749,0.1997546043199418620397657243477419988119481028586319199199997064184254241994697781512473682541596836,True,True
normalized,30,110,stationary witness; not an interval-certified global extremum,False,True,False,30.0,1.371371114607804449677679551853856783890299704422443317144770962823723598479597380115342832260525646,1.27740132079433742999229254340073049347928987952226766967832402158355448220076188399845243154507418,0.05940014536412056864106478276937250946639749446830847740440807423015201217057475425410260505352683593,0.005502142373503033669190991989438678406248097047618243764980382396709866066141053875863557258636485354,1.326455162703250178994227076781043002357571822321954095071123057867463395914299992080448738611198146,0.04571237048692681498925598506179522612967665681408144390482569876079078661598657933717809440868418821,0.001938041269518806699743716293551025691279045313605467429967424269139701346356865234069345238313768197,1.649242250247064219928563942389630810058879690149448173759453429237981738535048637435145460324273719,7.939375483747495198260761304061711108888095252579901673679229298889819066901280649978490936909875808,9.143593063869753101662773621777806108708788870387381786872263865039986991584019651662497625621341058,1.042903187656231786131297787099325365184291568770974580465536727312253158191280756025165511675643675,-2.607257969140579465328244467748313412960728921927436451163841818280632895478201890062913779189109188,1.0,6.969269153772231651168585314505861973692861389127178088739628791105102607357571341981013847430737665e-105,-139.3661575092332285816980577733676147743105751254224477518476327752787594630967053856758473965017663,0.4345419003693662784499135126082719664258126649648730105495435452867549999967541915590091888460568642,0.8713711146078044496776795518538567838902997044224433171447709628237235984795973801153428322605256464,1.871371114607804449677679551853856783890299704422443317144770962823723598479597380115342832260525646,6.95991987219486686143594421673954950169314131500183065124746652618084340532279875824070292343587818e-111,2.523505680523503904484665791957119284113097524415889649255307924020936218946215837239404810392905204e-110,3.840127696001533594242231943423072550054277266129246999930931933026250934544118799404566555292138905,15.19696536877558473415768258710609125620257712631073950276318860800728992458434749185457631683059694,23.04333565732580084187479407186800521303983204637320893425631360224005295336077754308870015730176603,64.7766063115353491042961735801504886376878858990966905575492294446587109847237668318940269912965035,29.10917057933694263477775289225802200297254562713019649083745217458334044017034569388078288195251441,-0.04905384190891274900193453338031250887828194279968642539279903628390891371353810808199630706612396546,0.01368777487719375365180879770757728333672083765422703349958237546936122555458817491692451064484264772,0.003564101103984226969447275695887652714969051734012776335012958127570164719784188641794212020322717157,-23.47499677656864568400645128720977994375489587647506537624708432469515614256455128722585826519622222,8.982978610423380928711298724134113465240685107865052717209632856960083300188539941981772939598784474,51.16862941097751685928725018297649014586367090784478143089330780088725985227414490917092375401080133,0.3227870875438140409343368656085878077013078678274940786883303713705183426207486453546967217130755729,0.1957184200777411700143982828533388975152742662956031934807318293742217666689331135716320760020423962,True,True
normalized,50,110,stationary witness; not an interval-certified global extremum,False,True,False,50.0,1.882196738373795132883193648157518718768410500868211587322724520660408292968646177871860955539973168,1.359588321772659956521402486939033142701088741628119006352026638018605070449010309211392380011711271,0.04365195957063829853833107729398975814685131596754712841927120033148167395958121582689002551598472711,0.003073697474844059270156549199303134978423721639284711357503759446231971092705817864694628848830575765,1.374457269044821230160723528348189880236185263819362331931994882305639034507531552244098293675272189,0.03764393476747590265766387296315037437536821001736423174645449041320816585937292355743721911079946337,0.002319949430545861716052503759204134152898650425569756167077479219090926453789829443829546958216080271,1.649242250247064219928563942389630810058879690149448173759453429237981738535048637435145460324273719,7.939375483747495198260761304061711108888095252579901673679229298889819066901280649978490936909875808,9.143593063869753101662773621777806108708788870387381786872263865039986991584019651662497625621341058,1.042903187656231786131297787099325365184291568770974580465536727312253158191280756025165511675643675,-2.607257969140579465328244467748313412960728921927436451163841818280632895478201890062913779189109188,1.0,3.027189017519788225521531681375453677283142138572245047817193852958886065814045619255196235647856993e-111,-276.1611409759877713878548130120068826158716434119590389815183666636053699170172684563239195079640102,0.4747983479968041107404017445575144098952664780208030264748513693545678679860038053919754477143896835,1.382196738373795132883193648157518718768410500868211587322724520660408292968646177871860955539973168,2.382196738373795132883193648157518718768410500868211587322724520660408292968646177871860955539973168,1.977322948151976084912692480820461153413315784535173797553222279351443558469415158562270325904634848e-111,7.398242360693582687027633288131261308397423790699961609516601108854600991072544963780740773886076449e-111,1.09363599510584397223825666734964973981278413207432231169018715897648840291603818665646793467491505,5.411120799654498276290548088537497560267921032019824903174108160613138941931527542243411241431093357,13.76347101540794322318262411767614879992232626549582158028436368834647339934286588565816384007920598,24.52251890327749802565766682857772586047076647082994118210139568113198283146157299691194508398218984,21.3045319554339328620356198796275297000318950102714059801229708285684885880812500435235963777250903,-0.0148689472721612736393210414091567375350965221912433255799682442870339640585212430327059136635609177,0.006008024803162395880667204330839383771483105950182896672816709918273508100208292269452806405185263738,0.0007537480442981975541040454400990008255250712137149551904262802271410446389159884208650818906144954945,-10.49277105704730952867861655113455486645028590735383103598565634925772375224673281650147705816542123,7.980070149777869989919504830956956870097281526336038495590267504821029422836713506562795547880622423,26.59537867326280060378349239398863251316896417451478909023717665167264429728453435277431727116565936,0.2747849812022429897678404140414409298226944263300858418274585469323427040275170851910471666490015297,0.1666128679162075259265652106119373015416152271560940239613862541232278189591427058804672695634792224,True,True
normalized,75,110,stationary witness; not an interval-certified global extremum,False,True,False,75.0,2.28766184648195951486120676362186785534040092433070578493673884480450896421756042913961338335728657,1.418357087080256265266695294529121600635211274057215216810320215361241913741746250701435692121634706,0.03358852663589188027454270744771278771605099903085397752434822947854752608268606777446370107445303922,0.001804866349857966225684502685082403338975479246284910765238515377604419638957594200055830315782832861,1.423130399594515719712894096702868698716147045967988739505882016776894737052852004818630203837418273,0.03050215795309279353148275684829157140453867899107607713248985126406011952290080572186151177809715426,0.001603380144923314189851462599545857287434107210849698825837978068567414407869060763779582808818539134,1.649242250247064219928563942389630810058879690149448173759453429237981738535048637435145460324273719,7.939375483747495198260761304061711108888095252579901673679229298889819066901280649978490936909875808,9.143593063869753101662773621777806108708788870387381786872263865039986991584019651662497625621341058,1.042903187656231786131297787099325365184291568770974580465536727312253158191280756025165511675643675,-2.607257969140579465328244467748313412960728921927436451163841818280632895478201890062913779189109188,1.0,1.176106358160058725183658806791754778019475416562667198305355952071654078506707960825331099449336813e-111,-457.206375936250592679898022601347715643406920224962325199843133551164700922378041729214212909097233,0.5070631392860605780761813533184192387866428973111374106383821323642411011606741889118775102100095325,1.78766184648195951486120676362186785534040092433070578493673884480450896421756042913961338335728657,2.78766184648195951486120676362186785534040092433070578493673884480450896421756042913961338335728657,2.790826606355655836797712194262100816900494069161161764307900808012079490844149750877684522590543844e-111,1.349919435317056804102414561196720274699992079481891171277426444358549601480853038889340108451905628e-110,0.3365381368161317973089560556173932331947301194682162327594490881575016051492395604945432762188884477,2.111040399025478754612439981248874401615817647556416954430903459298959164379179672492900075546916698,9.188758757584408156418498128757534463248396108747573306222207124715076467676672168909721288954213891,11.16349722795308208231084617276299941760509224876979507770344011155501844169163729024909283383402505,16.27835227601915998169081520074304172501294861129865124856152303382575026010739253221583358625050451,-0.004773312514259454446198802173747098080935771910773522695561801415652823311105754117194511715783566587,0.003086368682799086743059950599421216311512320039777900391858378214487406559785262052602189296355884954,0.0002014862049346520358330400855365460515413720354352119394005373090370052310885334362762475069642937263,-5.130488726442451931892187992718005814594553777923917051136737102863579259348155469467537342267566159,7.588894253511680561969180433338854344964494447627289417681197693045174308426036874286905411430934825,16.24222224916401482677035084180296866940078550157704012939983799450048309837901219773929471784485476,0.2261118506525485002156698456867621113427326441814594342535714124610870014821966326165152564868554458,0.1371004475653445605617252458036544091736045755170041706738236934768274882823820364823036843781904503,True,True
normalized,100,110,stationary witness; not an interval-certified global extremum,False,True,False,100.0,2.575343918933740442300425769615695286843910635228466841443404530153801914938340893477724282536391856,1.455161227782789284300581560940694519346792286141622771101315956162121261837114197902459452505203878,0.02766433194950199344554149798243494278276536875190069937562224943214269237860972176852694992334951619,0.001203715545735066715070277335265189824606055513982161238582686992771304962638444185359938578671735836,1.456818202326279443138998077814243944008608697623448603058542555756003361872070531943726042895488108,0.02575343918933740442300425769615695286843910635228466841443404530153801914938340893477724282536391856,0.001130302930833098248069582515347697549613900400002005539641185804930801859939652989916345080596868529,1.649242250247064219928563942389630810058879690149448173759453429237981738535048637435145460324273719,7.939375483747495198260761304061711108888095252579901673679229298889819066901280649978490936909875808,9.143593063869753101662773621777806108708788870387381786872263865039986991584019651662497625621341058,1.042903187656231786131297787099325365184291568770974580465536727312253158191280756025165511675643675,-2.607257969140579465328244467748313412960728921927436451163841818280632895478201890062913779189109188,1.0,1.499247317579671056138601210709640756219453397029660390793858991012088076536632996301025882363603079e-111,-643.377661493261745394773775474232521546500330500275979022423828049831114480481268931610388145470448,0.5283125559916308358616987752225162157199781817599386951495727498407384212564005174051276700218681794,2.075343918933740442300425769615695286843910635228466841443404530153801914938340893477724282536391856,3.075343918933740442300425769615695286843910635228466841443404530153801914938340893477724282536391856,3.151116390712205204590337616895418416882886914160108977694334097649716249645047526242810657535150695e-111,8.09634526182075608377298693993879138525129665635748837464182712537807896809894355783013193349512011e-111,0.1138687941826810452387215556660011711361551328923493178721957863082718262812899103169571382620400893,0.8611057512792193631485375921011511801063215563032899881187335608410513849768431083514098249808511176,6.907424201143553903181052622484797076611011904886950968825183728793574909051063533459408404171466422,6.098834160784886023668444181833325020233328978638973288140800320170164151981252148708240489241853407,13.33742397466112598343704870886699518877116609472796904901401348962494017042438406124340376025415241,-0.001656974543490158838416516873549424661816411481825831957226599593882100034956334041266590390284229712,0.001910892760164589022537240286277989914326262399616030961188204130604673229226312833749707097985597627,0.00007341261490196846700069481991749227499215511398015569894150118784050310269879119544359349807486730711,-2.498304486559471043732533592901208752908775301958305982317095841454900308291711532259374562606363125,7.419951743593719587420707261715391193431566447932699070383680601599533715079618105719135582543048538,11.06879196787972870408894891292348355165233959728576839250294542448020132585967919291035735777159823,0.192424047920784776789565864575386866050270992525999570700910873481978376662978105491419417428785611,0.1166742168362220604166237795250018018386282014414360439813863275186214629092752613426554274999393015,True,True
normalized,125,110,stationary witness; not an interval-certified global extremum,False,True,False,125.0,2.798487470247950198066720859925529790218511720776474055114692402641193658706609226896131506636734092,1.480696934057578609231418395594700588255193699824989028054124735860307462599665931185705681906894258,0.02370039966978196817534463388421491751514701641787751257583161552121171320530241168203667224099576272,0.0008680977000916094066844845009114448235157377754051989281268624238076050584116939606734711863661075652,1.481130048385153293716266717107058245172476221387136755361526452117316858263703498673944652983697977,0.02238789976198360158453376687940423832174809376621179244091753922112954926965287381516905205309387273,0.0008367775839354477170096890788006310081223896539333776400679451418363706218890791484909830387623738835,1.649242250247064219928563942389630810058879690149448173759453429237981738535048637435145460324273719,7.939375483747495198260761304061711108888095252579901673679229298889819066901280649978490936909875808,9.143593063869753101662773621777806108708788870387381786872263865039986991584019651662497625621341058,1.042903187656231786131297787099325365184291568770974580465536727312253158191280756025165511675643675,-2.607257969140579465328244467748313412960728921927436451163841818280632895478201890062913779189109188,1.0,3.027189017519788225521531681375453677283142138572245047817193852958886065814045619255196235647856993e-111,-832.3587985197093060017693931487716880932581829937053857583229591399422228286427642292648379392347645,0.5434423473995299649315328263104699399179267851423182420606767909994947960351307012322003709282389681,2.298487470247950198066720859925529790218511720776474055114692402641193658706609226896131506636734092,3.298487470247950198066720859925529790218511720776474055114692402641193658706609226896131506636734092,2.721828860558048503118367436864772296887240929054884413647777298891209785265380636958349176041258915e-111,1.496866332635699145035822528833456722175136622137790304587091518815727678038597280188055765900458133e-110,0.02925070739410623608007305267297552345013593023179054826800555622352242455611636952684088693601990123,0.2576340817488364123008410257714047300736034815513426424686908573639964159662640546762840092583776366,5.53788090532416297263220956239118371276408367173840432492476597753678863661096398784298652279656071,3.60790221571333639764557197877042167729772526704041213493214493609487974703367497300800394594415674,11.38283684613420909197749581644854308915954385311818819163745457493577721120875856878149536936314823,-0.0004331143275746844848483215123576569172825215621477273074017162570093956640375674882389710768037188341,0.001312499907798366590810867004810679193398922651665720134914076300082163935649537866867620187901889987,0.0000313201161561616896747954221108138153933481214718212880589172819712344365226148121824881476037336817,-0.8641235538179548333207851118775470185146412678132378445549407836539642537789620685876661449535034459,7.328176837444426750678821250201599274929791130024263165997912952894012859380870451437639481412179803,7.811000570682661751762719903340253037107069338590337740548216804825299339993685228826773743346837211,0.1681122018619109262122972252825725648864034687623114183979269771206648802713451387612008073405757419,0.1019329948870318659042056438421662307171430122616953455534730786855743965525423569843774202118157841,True,True
normalized,140,110,stationary witness; not an interval-certified global extremum,False,True,False,140.0,2.911816155554953372805019179832687376955394010541810307990146788617202789982752396635248903031083772,1.492656500645854270883542248474879358950164067135443260225288151098014077006138622784225814933892205,0.02188191030488655622709961683898599411615398808371049981051273092864248870897480374913615101008594593,0.0007325848510976935002487542578811669660817134763002561428708427620374827171748427024430175592618722218,1.492715220115131207368922845623999133494631300131314484353106322619204732672442881299457640551723395,0.0207986868253925240914644227130906241211099572181557879142153342044085913570196599759660635930791698,0.00071298003748587380408617307362891446990340200765095994098006967488464090580936353107233693016567191,1.649242250247064219928563942389630810058879690149448173759453429237981738535048637435145460324273719,7.939375483747495198260761304061711108888095252579901673679229298889819066901280649978490936909875808,9.143593063869753101662773621777806108708788870387381786872263865039986991584019651662497625621341058,1.042903187656231786131297787099325365184291568770974580465536727312253158191280756025165511675643675,-2.607257969140579465328244467748313412960728921927436451163841818280632895478201890062913779189109188,1.0,2.037075967438020952052263123653144868180198687968998824993372854291070775474850164937692228262910838e-111,-946.6409762654072423446682845938448162158558514521907823910206384459806390718247853861629083608619509,0.5506256513467019016637842378318597537031228179265700669517534216484490720306620322630702284523505869,2.411816155554953372805019179832687376955394010541810307990146788617202789982752396635248903031083772,3.411816155554953372805019179832687376955394010541810307990146788617202789982752396635248903031083772,1.484203231710227517882386544797738239561194478486293208966885057108887534945081144496198166097888577e-111,2.217194053969606389024770473299905788112821667128846837639639903840109036776801525902224568343247622e-110,0.003933890299042632171055896471955865614085482386609239674189910194615659204026828897632082866057962355,0.03751394837520599679117360383153002659857722140753905188063546564059941500234564176465613426771262007,4.950314960628150512369001400369700031058810773671231760603604792011100155226771344156470458158174514,2.676115071509348707312983801612155545541519106005443797937407125559787596858585023890952867973078345,10.49040750725014121643920854688358910076579075200632822000616335110956482521065659219948862197281894,-0.00005871946927693648538059714911977454446723299587122412781817152119065566630425851523182561783119091663,0.001083223479494032135635194125895369995044030865554711896297396724233897351955143773170087417006776125,0.00001960481361181969616258118425225249617831146864929620189077308715284181136547917137068062909620031179,-0.1357407643721806700071872687989534675277733122845669578865475587563554547507092754163140082858082442,7.291387595875416701810991296839022319686995268575088506074789954837075308652444429323512435400493567,6.344814394504226061402880188005238113406650394074418907929369625310889785387835673275025309344690435,0.1565270301319330125596410967656316765642483900181336894063471066187770058626057561356878197725503232,0.09490845272032324525015499798545267617262098420067061240783004249700934744918219350947274662660136598,True,True
normalized,150,110,stationary witness; not an interval-certified global extremum,False,True,False,150.0,2.980809027041904824278438885080044423415901058690961039057418854297902586187255144745476710353705257,1.499609012931654157909856378323194714992026776332765430400965973798321554065367530754666580664561004,0.02083541675778679719981191070417882342815604442853879760970172909461158972773260233316442409509882015,0.0006599211145071567881474091389689272586932218994633934371433072109396393874795069230712159123314270288,1.499498620041014448550298581176472153628230848484747356774546656330233554694470612529623942677989432,0.01987206018027936549518959256720029615610600705793974026038279236198601724124836763163651140235803505,0.0006454297354293320225990685723516483269204102665388987055136349616565514892971299149266549648903452108,1.649242250247064219928563942389630810058879690149448173759453429237981738535048637435145460324273719,7.939375483747495198260761304061711108888095252579901673679229298889819066901280649978490936909875808,9.143593063869753101662773621777806108708788870387381786872263865039986991584019651662497625621341058,1.042903187656231786131297787099325365184291568770974580465536727312253158191280756025165511675643675,-2.607257969140579465328244467748313412960728921927436451163841818280632895478201890062913779189109188,1.0,4.497741952739013168415803632128922268658360191088981172381576973036264229609898988903077647090809237e-111,-1023.113691197315863022122547375808281532102073508476324703845358804083040850762002578414569268118508,0.5548283429516765649768955963579260587427990381411449441849799487529158116218039255444692033240792542,2.480809027041904824278438885080044423415901058690961039057418854297902586187255144745476710353705257,3.480809027041904824278438885080044423415901058690961039057418854297902586187255144745476710353705257,2.697982537543219335585061847194225977716204193797086466854938625664147500837603862421513265904692745e-111,9.84531478187397984739443455338633797098063180668118754727940079815621245382596781581386706870316795e-111,0.007361444862477670440558970263665986106134672496564111837089038141750961164722026780090252985276283697,0.07372125978768303687315391874286193938103583703952942565129898420074764301670590002344159253338893368,4.623649186894221922429810224735953677536337242029288167242222631643739970225212233391251818405712454,2.195925961339672785907432686652109358037101252382185992776298860836525879644804360721572645955910675,9.978150039448296693331923873816849763653424783583695110709526377802135458968945559329108765362347016,0.0001103928906397093595577971467225613637959278480180736264193174680879993708969182250426379865715723608,0.0009633565775074317046223181369785272720500373705990573493189367326255724864842347015279126927407850982,0.00001449137907782476554834056661727893177281163292449473162967224928308789818237700814456094744108181803,0.279547310354798871069544710029891046764991571458964475492747530698344893388075997263131827278567903,7.271691274844121172517758195058615992192269497321571562069305990567475793786602534131145559550881339,5.504465941234072571578599224354303259195542481078185434900066923680630986545593643995093789595334416,0.149743630206049771378265361213158656430648841664700816984906772907748183840578024905521517646284287,0.09079541236808447858309007238118263863201601300076144000404064704308544642766029050943303733456168536,True,True
normalized,160,110,stationary witness; not an interval-certified global extremum,False,True,False,160.0,3.045347548179475995951362800764037351544809684040714881892796667159803793139767275665180385432468308,1.505890805750611522247195635998767454365453494887528162262653245281542260794701000516566441750128952,0.01989646036247909525898229673787978480262607890281509757022870280142709458371618324954224230278688699,0.0005980444520304066436813964134241160383159883927271815762455329169635925884758345232040014202000760745,1.505655124725911608853935282950740543101716297361906599889706788251148815012552168418124422957938474,0.01903342217612172497469601750477523344715506052525446801182997916974877370712354547290737740895292692,0.0005872876796733172880343681330531535782913299841182324275578216116798222147147716559665966813165532524,1.649242250247064219928563942389630810058879690149448173759453429237981738535048637435145460324273719,7.939375483747495198260761304061711108888095252579901673679229298889819066901280649978490936909875808,9.143593063869753101662773621777806108708788870387381786872263865039986991584019651662497625621341058,1.042903187656231786131297787099325365184291568770974580465536727312253158191280756025165511675643675,-2.607257969140579465328244467748313412960728921927436451163841818280632895478201890062913779189109188,1.0,5.953584676157569443600602811373191036779190980656902204793656805759385170597855278248190066930428825e-111,-1099.779412032578112976900762958478852730744243616216078412268776693948439453942767797068190589820739,0.5586419585170636191279706993843126411618470930431131017688009750332857190646170768521884591089782097,2.545347548179475995951362800764037351544809684040714881892796667159803793139767275665180385432468308,3.545347548179475995951362800764037351544809684040714881892796667159803793139767275665180385432468308,1.294729842357088242437120970624360195306642915505461930400290247139394002005112443214664721224847922e-111,1.222195518519322561431106628725687312653990137744397296027206982589212627001946554465968793323617065e-110,0.01565060519659910848272041707253422789916302193757146383074779555094635521440508628937403046822480728,0.1641379920689295518854213325285843762922587821906258812846803764816645773956878678759046580616629036,4.337646850918742447381519051969518019924027893275467177921271884200855640480124280609831389105963189,1.798657661745592821045543550451827357443783188882135503436883644981314301970132865692073696680219779,9.519378426976924556104562066557016058527745698889690765150792737174909037558660927796252460884567791,0.0002356810246999133932603530480269112637371975256215623729464570303934457821488320984420187921904773485,0.0008630381863573702842862792331045513554710183775606295583987236316783208765926377766348648938339600693,0.00001075677235708935564702828037096246002465840860894914868771130528377037376106286723740473888352282214,0.6505652419934559671260015359520602508779758274148509705923015215811687587247956029211790013550150509,7.25492812272164143392796457428011957604468148224845533063284384326322618074203452465131372941905895,4.750815876140189561503179162571698959688991910606287716067205956503065927047441826493407744822449321,0.1435871255211526110746286594388902669571633927875415738697466409868329235224964690170210373663352442,0.08706248308860786619145729904145560396790514088696371126351531696080155222348530303578804528331785204,True,True
normalized,175,110,stationary witness; not an interval-certified global extremum,False,True,False,175.0,3.134959706869163128571314270142521880329995096089817521661434661104594533751020730053656127131426008,1.514262934815891267612506438400105123336401620715494720926028028169652474209933957196352696273518097,0.01865457885104966108780130505490862771040414912568990957619028187111272045317124418018264281335317615,0.0005210367189190140862206626923780814959624201187459070394415815015075770609670992575633287330977394914,1.513897080766315592180390683818366131631633353319575678064948402275044291744276422263691437793699708,0.01791405546782378930612179582938583931617140054908467155235105520631196876429154702887803501217957719,0.0005141560547064004786177815166011300446001637124129889003382579728856892774362075756743171593776514637,1.649242250247064219928563942389630810058879690149448173759453429237981738535048637435145460324273719,7.939375483747495198260761304061711108888095252579901673679229298889819066901280649978490936909875808,9.143593063869753101662773621777806108708788870387381786872263865039986991584019651662497625621341058,1.042903187656231786131297787099325365184291568770974580465536727312253158191280756025165511675643675,-2.607257969140579465328244467748313412960728921927436451163841818280632895478201890062913779189109188,1.0,4.240511779745307148416522939429388508177475218946802744940725472489121683065842549328666844643620415e-111,-1215.089370334604037870724848576705356249499165902876961201824268704397195249993413000456238190491739,0.5637480624283566089724657306991974386977095397919539967204515482657666880265087263484108365458301781,2.634959706869163128571314270142521880329995096089817521661434661104594533751020730053656127131426008,3.634959706869163128571314270142521880329995096089817521661434661104594533751020730053656127131426008,2.748957117306811711444460953927691589031280658414426299696870970019704977383877509304596013035374995e-111,2.338054186351616961411931661020451875050251938786700473664576852868691208212593353693635111932909871e-110,0.02416053653325121437150812084080470316778983040031885300815778452458842233088245126901014789062540748,0.2703118633485579809849325228116543895349154836350283355370121896301525410614815821788621577102038385,3.969660152280542124075164228705225496105908332729390165877476911213415344862378518182437170293371555,1.320571845087771017293343935972386033170449516740493438184070026058844261298167109372563237561641006,8.913862469174427195156769516036017879279110762109831966471329372049286855533045075249493460322870084,0.000365854049575675432115754581738991704768267395919042861079625894608182465657534932661258479818389097,0.0007405233832258717816795092255227883942327485766052380238392266648007516888796971513046078011735989668,0.000006880664212613607602881175776951451362256406332918139103323528621887783530891681889011573720088027706,1.140039863120318867938971419337721130871760466331744467608483717391388740817936633844893653747757331,7.234073395457138755717370282112017310810718406438149496623316911490980821784807314308080744358417052,3.752153384222444115461059469653099092013754997177777607493031235303257188653201119809181479091421771,0.1353451694807486277481732585712646784272463368298724956945050269629374467907722151714540225305740108,0.08206506318915446589362872711847984754255425243806971161795261733380549669157586045775896745261276624,True,True
normalized,200,110,stationary witness; not an interval-certified global extremum,False,True,False,200.0,3.268491099493685751717657891073871854919410769588722095564084539647195536908035609083587609532810543,1.526000406903030047891352327387526623005095206846373107205157589879730878285425323673629956722222145,0.01693140689576008840903677019748930976056348394550502140629704182452315538764136396084386570423818405,0.0004233020355201698023369573742743177363503720253204751784871575065833483596383286696439412440922243429,1.52551444762684019058095818132460417646428230420597006351540719248908903787894980324148783455773849,0.01634245549746842875858828945536935927459705384794361047782042269823597768454017804541793804766405272,0.0004201546260074327667815097727235903902507845484028930093782504512722180266079621547188258554099292475,1.649242250247064219928563942389630810058879690149448173759453429237981738535048637435145460324273719,7.939375483747495198260761304061711108888095252579901673679229298889819066901280649978490936909875808,9.143593063869753101662773621777806108708788870387381786872263865039986991584019651662497625621341058,1.042903187656231786131297787099325365184291568770974580465536727312253158191280756025165511675643675,-2.607257969140579465328244467748313412960728921927436451163841818280632895478201890062913779189109188,1.0,3.719174862391544413883005769579317126797193642119773859565291693271936109868003099950700256929935796e-111,-1407.956047449261965010443150616561252616715635092997324549703781760899488057915301500087490473865054,0.570950297691878492127820085543665215732186884221048703189770587451438914794411183717848729001739657,2.768491099493685751717657891073871854919410769588722095564084539647195536908035609083587609532810543,3.768491099493685751717657891073871854919410769588722095564084539647195536908035609083587609532810543,3.182193098659082462322957447553017674548966141187591475342756889506046471484876668556963902623104499e-111,2.110444674893469239310499610860124021946668069803537145150323358653344605490364134842180088994824762e-110,0.0318452913899345817280522473404139709743923724701029351313382791971775554731246800901318718844775627,0.3927648159092291506982552830626694518083842625577485284722167785478597988848857053035926357938772902,3.478455168655494744094565631153309733741128348332694314814207931117287268895506551830939884906856647,0.7435375331633777378109157181237918190775127511016939685794888215656265234786782060316213179262341643,8.076134369724686165680929450687724623161753950072904593032187386507408792210000864578593935539300549,0.0004859592761898573103941460629224465408129026404030436897503973906418404064755204321421221644836548854,0.0005889513982916596504484807421199504859664300975614109284766191262871777031011859154259276565741313286,0.000003147409512737035555447601550727346099587476917582169108907055311130333030366514925115388682295095367,1.819555280347316273500439466350587847296913553627425868105179258444731218284860037115310111803751301,7.207624317935486777484651689988464547259781570142247109526117768117331978709127445008739962066894648,2.356940541692071695152984483001818886721634883233359099375292395944757712212196264905443866002770781,0.1237278026202240293476057610650266335945973859434781102440462367488927006560988341936576257665352286,0.07502099985717017893498247687201747645322439465241253799103976398781450816948958487253861010906949591,True,True
normalized,300,110,stationary witness; not an interval-certified global extremum,False,True,False,300.0,3.673956207601850133695671006538220991491401193051216293178098863791296208156949860351340037350123945,1.556564475837037801435608093129508666572981055806297317417942649233306483362701330210338917073085155,0.01253854424060450437700374605689578423328159932725875350289657601465810051070046814919225597371760367,0.0002218413588601700069454396898965975915436213832056454423272146010994538173218027704900519829789158171,1.556026582704151573604216042598162681463914009530112215337939509445505305065019770683752756799703293,0.01224652069200616711231890335512740330497133731017072097726032954597098736052316620117113345783374648,0.0002225036086569588744338178737042080829955734325913431761419438515428123441567486597271035568940139095,1.649242250247064219928563942389630810058879690149448173759453429237981738535048637435145460324273719,7.939375483747495198260761304061711108888095252579901673679229298889819066901280649978490936909875808,9.143593063869753101662773621777806108708788870387381786872263865039986991584019651662497625621341058,1.042903187656231786131297787099325365184291568770974580465536727312253158191280756025165511675643675,-2.607257969140579465328244467748313412960728921927436451163841818280632895478201890062913779189109188,1.0,1.859587431195772206941502884789658563398596821059886929782645846635968054934001549975350128464967898e-111,-2184.954909608326775360801389805821731929182605618538104350007725989587197685355341959147291921929447,0.5899293676557177600795779087333004314989462909772258299375991871662159853522929873318418114897495491,3.173956207601850133695671006538220991491401193051216293178098863791296208156949860351340037350123945,4.173956207601850133695671006538220991491401193051216293178098863791296208156949860351340037350123945,9.288774526046253748143362624777651211228770197137668426755534145505750758221829874443097003061685037e-112,1.46436425040636874002716553330452165641874444207595672882039180264350170695191176711087250400190853e-110,0.0345564312456107826204361060134294598356133560402875640592847660577652694368804434509481402359886507,0.5770415500576703287258738117137096216299099056147210147429270294638971715242906002302691499334580492,2.329006804894108796545130010707730874574612835585967273582643176276640400171028223800212336336754093,0.2985240444755360694641788705656997483693349113901100591825328760813272290486997058806702123457195493,5.953995215019231879076359107530251370980382642991246421510709109658807177874176394669369804121779403,0.0005378931328862278313920505313459851090670462761851020800031397878011782976815595265861602733818622489,0.0002920235485983372646848427017683809283102620170880325256362464686871131501773019480211225158838571847,-0.0000006622497967888674883781838076104914519520493856977338147292504433585268349458892370515739150980924016,3.58649771567708461513450221052457774069290923330122123036058126455299805654517192676792301772868442,7.153628919002773867392700048373624285259202497711936135551670099052440326382163319869588770241682024,-1.324700338139434939044218738769090206718569989231792471739987094930571635822941864976728140234056317,0.09321566754291264632434789979146812859496568061933595842151391979247643347002886675139270352457042555,0.05652030047674833844265876093026903633861486912151039733558472367387857435706478138885711624001407278,True,True
normalized,400,110,stationary witness; not an interval-certified global extremum,False,True,False,400.0,3.961638280053631061134890012532048422994910903948977349684764549140589158877730324689450936529229231,1.574074670691915000553364206731875655949442925268772203825242381586321214493876589529110287424412094,0.01008069780714404583081537987424137347059578789886968623436672714526140695578679232403227087712621781,0.000138565017078204001215806053992401842805452242989488032662884443976437626342057276547993051901805957,1.573620459607036384778349647468450892976850052337469956190634910859583632044694329614342688914934893,0.009904095700134077652837225031330121057487277259872443374211911372851472897194325811723627341323073078,0.0001394333798266477428864059791525640982745234992013211584615511128279338970577527654896413601676603407,1.649242250247064219928563942389630810058879690149448173759453429237981738535048637435145460324273719,7.939375483747495198260761304061711108888095252579901673679229298889819066901280649978490936909875808,9.143593063869753101662773621777806108708788870387381786872263865039986991584019651662497625621341058,1.042903187656231786131297787099325365184291568770974580465536727312253158191280756025165511675643675,-2.607257969140579465328244467748313412960728921927436451163841818280632895478201890062913779189109188,1.0,6.40141196604282736398044110630767602596621492737715358629497562174349554587285526934261698516388158e-111,-2966.983545983333269197242104208938212935600753905160633420991632322463463172349442967242159336221353,0.600939130226072980785586500649346298532321501947298616603102819585576039330842155235040473558506092,3.461638280053631061134890012532048422994910903948977349684764549140589158877730324689450936529229231,4.461638280053631061134890012532048422994910903948977349684764549140589158877730324689450936529229231,1.976050077037945610316887446089635722480482539187174856930248721514861596988117697502615918167103467e-111,4.981922524934632769059560623282967022902447946403591644875708694497568081420237089632471543851540585e-110,0.0288557521022149792739401038620703965400888053482959917521812368937057164841814551094794849307465567,0.6006351886597545229822343004221961597061442132438929723408973837237162372797189073018094473883519765,1.751883752380840141894337904844900062853628660538060424675109287338105193242368785040139632564159412,0.6266825254700837374862493540636994317172944101000121336750760847979973940123814600913101300769616635,4.775350302924819589422170860112791952324228147331337162626068903322299400066997831185530491974526599,0.0004542110848786157750145592634247629725928729313022476346074707267375824491822599147675985094772013811,0.00017660210700996817797815484291125241310851063899724286015481577240993405859246651230864353580314473,-0.0000008683627484437416705999251601622554690712562118331257986666688514962707156954889416483082658543836789,4.630501961865509799667030246738190740977716411778304057313495732289170446094250284333421675234441984,7.132487906294258036490510649556553409047418088632691267183841116857704607260118259276150520876512166,-3.541045601169544034509326945537242276889835148814914352186679516429121361115137583214116696422505057,0.07562179064002783515021429492117991708202963781197821756881851837839810649035430782080277140933882581,0.04585244564811466383082653199076702599356734429205352699569318210815914244217076953687475323408467053,True,True
normalized,600,110,stationary witness; not an interval-certified global extremum,False,True,False,600.0,4.367103388161795443112903127996397559566901327411471547298778873284689830126644575957203364346542632,1.593774188000922801121418150325788644563208591016188979126590547317737612537674508228324244197740423,0.007364854135190920470469034761402161576654145289910337941898068762425159638400355668491552127235682541,0.00007036090377318390951027468147050021363097625086679999053942005874954937241484994535585527947097320779,1.593462490255664016448782382901452345571576219946287419584166202672442351025164276910133136211274365,0.00727850564693632573852150521332732926594483554568578591216463145547448305021107429326200560724423772,0.00007091244586414618580446715108012602106526107463699041897636974066787170399730371018063584314136037908,1.649242250247064219928563942389630810058879690149448173759453429237981738535048637435145460324273719,7.939375483747495198260761304061711108888095252579901673679229298889819066901280649978490936909875808,9.143593063869753101662773621777806108708788870387381786872263865039986991584019651662497625621341058,1.042903187656231786131297787099325365184291568770974580465536727312253158191280756025165511675643675,-2.607257969140579465328244467748313412960728921927436451163841818280632895478201890062913779189109188,1.0,4.704425432640234900734635227167019112077901666250668793221423808286616314026831843301324397797347253e-111,-4538.222392964180123187093174253324066943866433325196009562795047772978088926347871727301024464381335,0.6134366372709093095628344472285635025742457382995978780275026114210840713562460385480423898023175529,3.867103388161795443112903127996397559566901327411471547298778873284689830126644575957203364346542632,4.867103388161795443112903127996397559566901327411471547298778873284689830126644575957203364346542632,3.717411558650094896397601879023668194660643996869226236396901274305117565133086256300565114644927691e-111,7.358349694901369541836653103560646807186057935923356526968582212506596586081375515912477956737774454e-110,0.01955720876931432638397868838469543492894335196588531091749320572772528302636188469499276492917861476,0.5588008003384030415660128416773201638855009614200828129118011093538707221155066709040401401875925362,1.17243989724117331998931751095957335095976644417888673702461208094129166722022808368369846013335774,0.7838757909367291777413367493237303286140740610377947840762857405708144770379718235033976979489402991,3.480296183972914398519008824454908863709938740052302465500447543773133816596689084032367286652179402,0.0003116977452587846726357674243362989916323710699015595424243446452952615125102313181911079864660583933,0.00008634848825459473194752954807483231070930974422455202973343730695067658818928137522954651999144482095,-0.0000005515420909622762941924696096258074342848237701904284369496819183223315824537648247805636703871712882,5.883682299628354692399163141577415750712219453762093338804791488399960632218492711612450744930433287,7.118094766411888805106390367130922088826692127912541470176625309931620470116133974345924852768016336,-6.246625432725935390367887241600939325791673070786554139872012743804807536809188110034293321314708097,0.05577975999140020347978155948817846448730347020316075417528722656553938750988436052501232411299935379,0.03382144738472721879688624283497337668061086587132003733457456191310721275014970876149885690637365144,True,True
normalized,1000,110,stationary witness; not an interval-certified global extremum,False,True,False,1000.0,4.877929011927786126318417224300059494445012123857239817476732431121374524615693373713721487625990154,1.611889800622629001441266882591855205381293493416060733790780650859823109886974508462667699417710964,0.004912638715823817326434128418892438792293244354269664147023941660310596444815134613940727833130291494,0.00002936711274270939671880567853273359390621921222801883155654497819074497185015739759644486303496994124,1.611718757818426369580333091962909319106402122745872251523558077093156521106364626221226609175416297,0.004877929011927786126318417224300059494445012123857239817476732431121374524615693373713721487625990154,0.00002958411694489035514997008912265977984358947215099602056221612284593539836178273056394036021194754577,1.649242250247064219928563942389630810058879690149448173759453429237981738535048637435145460324273719,7.939375483747495198260761304061711108888095252579901673679229298889819066901280649978490936909875808,9.143593063869753101662773621777806108708788870387381786872263865039986991584019651662497625621341058,1.042903187656231786131297787099325365184291568770974580465536727312253158191280756025165511675643675,-2.607257969140579465328244467748313412960728921927436451163841818280632895478201890062913779189109188,1.0,3.041086317515554320780564379926744978417119612614514038752380952941869011439400903268779006114693353e-111,-7693.23986597483655409113393650710315153985712462115781648444016304155177194161034225484037859026682,0.6250290602813161481953818114345132879704047774378841290503917414659469533851081040524018364207989423,4.377929011927786126318417224300059494445012123857239817476732431121374524615693373713721487625990154,5.377929011927786126318417224300059494445012123857239817476732431121374524615693373713721487625990154,1.674046798861080397698325239706406631913873507561672064725200706808364458462611128867945190018888643e-111,1.555582037359897340424637322129185451813425420967712315838367174460163528400480163810045831510256919e-110,0.01061132120425122720424409889522553673958246527920149562696636375225035450737434723184675323692753354,0.4558285839942029308686390565741326842270469860476188829701244652888275503374747163309448526245649995,0.7065389071707995563528796000186354848033327637318592512474462294399831606717217096495858610182403492,0.7389361156548538530001497374673704365781631466690480857243819522088838399979148627068389689218461062,2.317307895986871278309123350356048089835196279037175272900924796467777330618254344148890537263740961,0.0001710428042026318609337906289458862748913706701884822672225737666665887806098822414410902422946671828,0.00003470970389603120011571119459237929784823223041242432954720922918922192019944124022700634550430133996,-0.0000002170042021809584311644105899261859373702599229771890056711446551904265116253329674954971769776045262,7.18842683076965115484841094769730307000396720675133811107599117750904655048522968990001848551145477,7.115664006416879315059447676262145584209897630235866241066437364534456877001072613558053220637207686,-9.120049432183952317929113956351951822081243237232293559838199931703911260522856220616061705461284535,0.03752349242863785034823085042672149095247756740357592223589535214482521742868401121391885114885742158,0.0227519592243144724740280577459807241599890528917286277943920949727990655979789671437737153419368801,True,True
normalized,3000,110,stationary witness; not an interval-certified global extremum,False,True,False,3000.0,5.976541300595895817713662461222585199092502681679989269211426764758868817834302340587337242439722243,1.6338638757992345576408669447670243058979269087049043826131597094838880006078744767993272810775532,0.001996919241127037302958140854114401942248786219688562653168465160684010522138470197669157359708751233,0.000004237896276510958523034280918790377299089400539158172413006257056485010783571455026256746496135521885,1.633826987613919831073037731087423062416899632703855922862033948993191635267250350538413886836490389,0.001992180433531965272571220820407528399697500893893329756403808921586289605944767446862445747479907414,0.00000425626804618729681870198584472905909078356412046631677984213460394227674849928667113513661404890137,1.649242250247064219928563942389630810058879690149448173759453429237981738535048637435145460324273719,7.939375483747495198260761304061711108888095252579901673679229298889819066901280649978490936909875808,9.143593063869753101662773621777806108708788870387381786872263865039986991584019651662497625621341058,1.042903187656231786131297787099325365184291568770974580465536727312253158191280756025165511675643675,-2.607257969140579465328244467748313412960728921927436451163841818280632895478201890062913779189109188,1.0,4.074151934876041904104526247306289736360397375937997649986745708582141550949700329875384456525821676e-111,-23528.08532468435894764016549350754194459893502062239176823677268782121278934924342198297210025358339,0.6392175949068661537027636856355555777256032200807732228664428098032773824980748657293868840791775263,5.476541300595895817713662461222585199092502681679989269211426764758868817834302340587337242439722243,6.476541300595895817713662461222585199092502681679989269211426764758868817834302340587337242439722243,2.928582855052550776544715325139915360451497924468942875616240570606026586639499344165194953396026701e-111,1.691803013243986221345882267700812822417045425099782914449811886254748507308540781220216586877661615e-109,0.002257726966188173644408477074540451400476485151788146620144295605517652823073940682406527959625638162,0.2392965088730515846718736974184242817575452660397461569907649359200994972034739979756904527947034945,0.2373059209143332274212127773251031580938886298403251510927284319755081867232577450121296765733860288,0.43351154623972282123535777709747629812814903351736563167124808802847952700132309881782957007996266,0.9412273981703064250402076911658056904683131416876505229790345225303372351554692060846971657890776947,0.00003688818531472656782921367960124348102727600104845975112576049069636534062412626091339424106281079314,0.000004738807595072030386920033706873542551285325795232896764656239097720916193702750806711612228843818736,-0.00000001837176967633829566770492593868179169416358130814436683587754745726596492783164487839011791337948512,9.294583864228026549125039357689411711381524098427022775547069472931954444901354042710216795682268027,7.13611204383309359221261751497154751419364737052069375551719335872684530139113211509044368266164925,-13.88720690926783367055800128800661447429705053466032776111928518644167364969322082288548395465890028,0.01541526263314438885552621130220774764198005744559225089741948024479010326779828689673157348778332938,0.009346875894572255988387769357520418292570231161346047532309626441033497204723625142055102487982390594,True,True
normalized,10000,110,stationary witness; not an interval-certified global extremum,False,True,False,10000.0,7.180514104921831810336408678984423702046113612486012793510060332088947134293045853949718692715588453,1.643667417008599012832880830264143300191764401747009601375898758365572532324520639291972989295958307,0.0007185660872147114001727455170420876335518502082428418458555203850810166874189704026762527203024543679,0.0000004777419906703174639500452859678940587468190614209289673743714241505206445856549663857979236376831105,1.64366179224054449762681343095004038052888688659399298501928346754383647881594161624727588426879009,0.0007180514104921831810336408678984423702046113612486012793510060332088947134293045853949718692715588453,0.0000004786520458144972781924435309184258419103994030197198572802038764256277812416893122871726961792640625,1.649242250247064219928563942389630810058879690149448173759453429237981738535048637435145460324273719,7.939375483747495198260761304061711108888095252579901673679229298889819066901280649978490936909875808,9.143593063869753101662773621777806108708788870387381786872263865039986991584019651662497625621341058,1.042903187656231786131297787099325365184291568770974580465536727312253158191280756025165511675643675,-2.607257969140579465328244467748313412960728921927436451163841818280632895478201890062913779189109188,1.0,5.578762293587316620824508654368975690195790463179660789347937539907904164802004649926050385394903694e-111,-79056.30116913176959543555698485444531653476751054366116173393272472615640990890149153190318036734287,0.6455961337077612333323546516899665659062821929825200511059419318921496376148999413630047084411497797,6.680514104921831810336408678984423702046113612486012793510060332088947134293045853949718692715588453,7.680514104921831810336408678984423702046113612486012793510060332088947134293045853949718692715588453,3.730056206351638935611894709347411453897916473909200111814076483983360137806406189251765995359137533e-111,1.361294607785335269115514173861234264259336289705301425721353357182498981129282202620762499261452548e-108,0.0003422084051986643185201671566552734300058427170355363435231968127527130371892498915626645569224462384,0.1007940217083206388301942524641815313391105550342185345353310406329670750720929983419843218383256443,0.07162552362068695491575733270245658983609868831025786454834359591650449417332839219219930135937607213,0.1904909264732874527121970287053948848886830336824373829503221131090694647777347840456657553713695231,0.3391703930355420429959556420056881768681681555468692866826665669777460522768190044259652160583958094,0.00000562476805451520606739931410291966287751515301661635661529082173605350857902304469710502716821653654,0.0000005146767225282191391046491436452633472388469942405665045143518721219739896658172812808510308955226442,-0.0000000009100551441798142423982449505317831635803415987908899058324522751071366560343459013747725415809519205,10.90921595836750519547275398788484791904719134038132842679402890517113892081543225590085282370325853,7.167686254880241471106407588166221780954775499842699777728802712001838219552581842111043843974503342,-17.65048443892955355764441183573091612778041503900089698294227662440040728824188559848553038443974669,0.005580458006519722301750511439590429529992803555455188740169961694145259719107021187869576055483628205,0.003383649676500673890639373753946126813611528563931365119064555719373598490503040815328188793387983005,True,True
normalized,100000,110,stationary witness; not an interval-certified global extremum,False,True,False,100000.0,9.483099197915877494354400133668787909647215101114785769543388233056519743970398334185715897805186751,1.648501509607610280527680670837405001307734995024967353753103354694832599926402905252290204897833515,0.00009483783637404027909153048319903018801433576622562319345360373962767166121311554645087665929074576746,0.000000006612612857685874877173142097390115695251453576477806547647154469787809170647956953426253529419145057,1.648501393570046653971696148605979939062405905112392895233778390420600938765514073309710733624665567,0.00009483099197915877494354400133668787909647215101114785769543388233056519743970398334185715897805186751,0.000000006614629221800910048851861706102538853849040845294795089382465243919015788655513189349417902390526672,1.649242250247064219928563942389630810058879690149448173759453429237981738535048637435145460324273719,7.939375483747495198260761304061711108888095252579901673679229298889819066901280649978490936909875808,9.143593063869753101662773621777806108708788870387381786872263865039986991584019651662497625621341058,1.042903187656231786131297787099325365184291568770974580465536727312253158191280756025165511675643675,-2.607257969140579465328244467748313412960728921927436451163841818280632895478201890062913779189109188,1.0,4.497741952739013168415803632128922268658360191088981172381576973036264229609898988903077647090809237e-111,-793510.3030166725935456837208986444631737544938951826598715893052567555247216399248722797140445391707,0.6487562226878428011220211365753278676420545336601904950138080418058141240221159802672146929352965751,8.983099197915877494354400133668787909647215101114785769543388233056519743970398334185715897805186751,9.983099197915877494354400133668787909647215101114785769543388233056519743970398334185715897805186751,1.514428635164627353215543925571647071958616554371041598998969478721345256269740673075111180211639538e-111,2.180444330807656385044063424961362239244997305333346766009265955531590060433195458863022579566804053e-108,0.000007038972239350644449573713323651063816154825816119247677293102667661204052971866903577724556509601278,0.01566261967074161842324900415748770147802522789365606975162451466514768060022846463104675900941631191,0.00721694541249324291173064165114289881133781651549893697445217534485609514572905297885051332154387945,0.03049269870217097330592020253285014237900433463238404951312694589996406522434154720911754425610880206,0.0449341802319766455441530701696791572574772224384979045409967469191207290124897966660051136440305648,0.0000001160375636265559845222314250622453290899125744585193249642742316611608888319425794712731679477377376,0.000000006844394881504147986481862342308917863615214475335758169857297106463773411563109019500312693899954425,-0.000000000002016364115035171678719608712423158597587268816988541735310774131206618007556235923164372971381615414,12.90321740027586483371434921938536577510425681022138144784346692813369101373023519772536143573936716,7.217466293095780733791971874026489786379781308255196433791511525787160444565972610219333908161622101,-22.42169149478709999833681555277776941938751754644314625653981436949364796292930244357505556722604649,0.0007408566770175659568677937836508709964737850370552785256750388173807997695345641254347266996081514253,0.0004492103430569900533875941733294181211224151838689867458689901941467290421208184916279006052582278,True,True
normalized,1000000,110,stationary witness; not an interval-certified global extremum,False,True,False,1000000.0,11.78568429090992317837239158835315211724831658974355874557671613402409235364775081442171310289478505,1.64914988545587962572136406262125867380091814459865408095923152452796099986023199289874799500600788,0.00001178576974405547172853777642497370860894517026777223283942231532265670595020714132236121530667599364,0.00000000008442384530949355716763334654925944103395226842535934791877033280681901339277964511948966071517169493,1.649149883491725903960207888747296540154884861177591669941720121091447031178332794821937210744906925,0.00001178568429090992317837239158835315211724831658974355874557671613402409235364775081442171310289478505,0.0000000000844273798545684731577928810302081928859408766039239160596289172358175376489413325582710884298841272,1.649242250247064219928563942389630810058879690149448173759453429237981738535048637435145460324273719,7.939375483747495198260761304061711108888095252579901673679229298889819066901280649978490936909875808,9.143593063869753101662773621777806108708788870387381786872263865039986991584019651662497625621341058,1.042903187656231786131297787099325365184291568770974580465536727312253158191280756025165511675643675,-2.607257969140579465328244467748313412960728921927436451163841818280632895478201890062913779189109188,1.0,5.655714374145580930099052280750402410143926173819986909764495754882077343810344519764613006116369766e-111,-7938858.787111013553041730927002373250891727976042332263096867855344034669490112889761077311629519311,0.6491815421684860764788007264390779421234735986399482466672010236132126195448759864737497040142899869,11.28568429090992317837239158835315211724831658974355874557671613402409235364775081442171310289478505,12.28568429090992317837239158835315211724831658974355874557671613402409235364775081442171310289478505,6.26716217485312081098447581581116797645520472067408371591147189314243995299330162827731880864722396e-111,6.852299366360721680192837566763074726327220784134210636019119900328426086238603827754895889952675087e-107,0.0000001191009828205032472934614926450999207606070081232326166611682625278133899335380198907921387426400824,0.002126472576163317511805101491332261474395797786108753833908029553701943745507336037507184563974776055,0.0007250535807527648372388567110952955623133550270611328845501841583179616012946161509103442058147293295,0.004186666766905163175030162404316053576679982398815187143128008797069485713397645235731469710405608221,0.005600751756961224967896851545530363025033177920026005868062849141782480690230634614584164288948988008,0.000000001964153721761156173873962133646033283421062411017511403436513968681899198076810784261100955749800538,0.00000000008545314554855016538483662055649169685367802867409384559918863261359655939050793950220378120858892117,-0.000000000000003534545074915990159534480948751851988608178564568140858584428998524256161687438781427714712432275578,14.14053586782505534066120671809601434616223168624743661371844053383205201704139767836667332197674854,7.250588378178309998043795278836354000621235317638721000658129528344937954888268799445186161863490235,-25.44625751770544854518306721224928553698051543368709084257444547798544725646432183792321562127993102,0.00009236675533831596835605364233426990399482897185650381773330814653470735671584261320824957936679400301,0.00005600557184639127177112509712642235608836775113448369798315248163560982351913329017229823311776572994,True,True
normalized,10000000,110,stationary witness; not an interval-certified global extremum,False,True,False,10000000.0,14.08826938390396886239038304303751632484941807837233172161004403499166496332510329465771030798438335,1.649231185492503922296578103155580400001281588722828067201440134568138321120375506351261879004345751,0.00000140882796305792127587979111822330642907324378970781673275872402504599361715377008396873448540323346,0.000000000001027079210609177303932391852286372870295680038900550842556019790699693592261493693308107086005135637,1.649231185462766732394461409599000464788045462205447425781163517996848605061400814553758157675396441,0.000001408826938390396886239038304303751632484941807837233172161004403499166496332510329465771030798438335,0.000000000001027084674911278458270671449993909972333913447548998812254331820324449174113275332230479978358629877,1.649242250247064219928563942389630810058879690149448173759453429237981738535048637435145460324273719,7.939375483747495198260761304061711108888095252579901673679229298889819066901280649978490936909875808,9.143593063869753101662773621777806108708788870387381786872263865039986991584019651662497625621341058,1.042903187656231786131297787099325365184291568770974580465536727312253158191280756025165511675643675,-2.607257969140579465328244467748313412960728921927436451163841818280632895478201890062913779189109188,1.0,8.316327812515919374824323664545525094231634246700550001806738460637517243643656516181712663529993949e-112,-79393148.75010382828159521434142002571281139344666512873685043361503387102143965461424696073798582258,0.6492349696638900162940908749205542260300538588342136635310671285534649391283046041108425751181924809,13.58826938390396886239038304303751632484941807837233172161004403499166496332510329465771030798438335,14.58826938390396886239038304303751632484941807837233172161004403499166496332510329465771030798438335,2.659294138178633988797700991950597791147636948471750851405795574708105488760287763745461795749405536e-111,4.012714548383855984693546627869678830822389210458105703971369017724659959832658737636383351605893619e-106,0.000000001803094081878907988307827192456452556572574628761055140754936644175147479936250327058640103146283638,0.000268755260858262531455699688451760331987942894712077672856105820679108351543758572577827373168855619,0.00007273191271456282849191777049369616769022941742073384810103142361048111688540473864498784237894534183,0.0005320234354576578625506652499165275726088734978088214888771542917110699106829365853803637389466996374,0.0006709037918776320310730375327396895604252505432403024976222747661627811883402169117429479752550062807,0.00000000002973718990211669355657993521323612651738064142027661657128971605897469179750372132894931009010479782,0.00000000000102466752438964075281391955479658830198187058356059771962154682712082125975450296345460479512512198,-0.000000000000000005464302101154338279597707537102038233408648447969698312029624755581851781638922372892353494239773885,14.98251191589580385068843022514155079033668177532110235597941149644791853417927495237392272786077086,7.273196561391257438866184033248053931671293095360720095845153750683148477169427091697305234864749447,-27.53083650878925751051251986474341229049952962575458258437718553844425654629532917794595757241955309,0.00001106478429748753410253279063034527083422794400074797828991124113313347364782288138730264887727728635,0.000006709010938708353820349077691990290006449398388206872137940594385654674282618473118180640570970867989,True,True
normalized,100000000,110,stationary witness; not an interval-certified global extremum,False,True,False,100000000.0,16.39085447689801454640837449772188053245051956700110469764337193595923757300245577489370751307398165,1.649240960958177013586568194786687907692780201570307747604371377938773418992425267822291301703023827,0.0000001639085567170713117862532250374092684554562527641595895842772177530728969718793817873509402075396967,0.00000000000001209894770712236870488799014494251175998913550394918649530861920267600515190665729232030380043132616,1.649240960957758105581426996367928083703752792850366589201972780071220458913886231285000082290291931,0.0000001639085447689801454640837449772188053245051956700110469764337193595923757300245577489370751307398165,0.00000000000001209895551276872184963414089685738015808418129058758463912374468290722971737137338878249072418418482,1.649242250247064219928563942389630810058879690149448173759453429237981738535048637435145460324273719,7.939375483747495198260761304061711108888095252579901673679229298889819066901280649978490936909875808,9.143593063869753101662773621777806108708788870387381786872263865039986991584019651662497625621341058,1.042903187656231786131297787099325365184291568770974580465536727312253158191280756025165511675643675,-2.607257969140579465328244467748313412960728921927436451163841818280632895478201890062913779189109188,1.0,1.176106358160058725183658806791754778019475416562667198305355952071654078506707960825331099449336813e-111,-793936852.9061213837415619991608062170850017951685005609632888488614596700092667988781774136378789846,0.6492414012241006949901751314497447683111290735713438318730188896788270133595390715398625311647616542,15.89085447689801454640837449772188053245051956700110469764337193595923757300245577489370751307398165,16.89085447689801454640837449772188053245051956700110469764337193595923757300245577489370751307398165,7.581550106411645661760845231126630147156263110986571939614595865088073490098664669415381056609310566e-111,2.764622918247878816131023102615937019876643878858046568097609061893517795152408838929328960061878993e-105,0.00000000002540004857130282478005984043626800470650728232431421798671360355750964831115929814750843426345474641,0.00003249138910518857941757016548246940280136686227012214138714532725484404769892464420245041565205981499,0.000007289485921681450942063548409996173966771383424512668341841889104194350304802866043885932582244398963,0.00006451508463458970033241732005799266874971036658730789915411567377955775299462025119815908337664876887,0.00007817468264050937446047864746018124630910167353209676992287068616260484574802323697449932412754341596,0.0000000000004189080051411984187598239890274087199411584023985978675529600785390365372912194127318960910254172018,0.00000000000001194809116632216948006019046313095105709414854260784349839348052124185482403841386507679988028298658,-0.000000000000000000007805646353144746150751914868398095045786638398143815125480231224565464716096462186923752858659947526,15.59248987087508649254921873855559671080629535306342011224125749294378356897299454801605043540441959,7.289486453047539699840504372642599396128341448121631562299239788548411255378915599081827096987304791,-29.05398326203356933602604053012449367642780730496854250133164652628166730164457563318658762948252142,0.00000128928930611434713694602170272635512689729908158455748064916676127962116240615014537803398178751724,0.0000007817464692777580463585645671338344404062021662965374477565940607748366213323617219131457830165162984,True,True
raw,10,110,stationary witness; not an interval-certified global extremum,True,,True,10.0,0.8548880296538792496214965233229655485385768054983371367025863047426399301170631333893029184921662295,2.304609602633687619825454430807399762929462561097070757783730145834595027831847716184077360654265312,0.1674358247436810266783658990478943512175574509358204587414770479974056010532525698703721103862829783,0.04870819815492612294606324374013008470409668591086241504239395957746791306286721676651189432135099057,3.126028037032119129466539002901443204768766422508565046728272376538395997868281916423804443070620772,0.08548880296538792496214965233229655485385768054983371367025863047426399301170631333893029184921662295,-0.09739639203774092725944039877997287373801353078045136310246292969872813567302929442601712386589922919,3.535533905932737622004221810524245196424179688442370182941699344976831196155267597125968835819103932,13.83469789278027765132086795422530729035548573738318767238056265425716555017278624962335631407475452,21.56675682618969949422575304419789569818749609949845811594436600435867029654713234246840989849653398,3.252691193458118612243884065682305580710245313366980568306363397378684700462846189355891328953575617,-8.131727983645296530609710164205763951775613283417451420765908493446711751157115473389728322383939043,1.0,9.339655195463174629292711429757037944269458706289903761827112374959205959992419202043893045091950959e-102,-68.57295522421032949608978708904386679869673381676054068470331784381057696070309194069387507494500767,1.757894883456375550280063977803420343516614875853936484208233849180258402826617398173639004402029493,0.1774440148269396248107482616614827742692884027491685683512931523713199650585315666946514592460831148,2.35488802965387924962149652332296554853857680549833713670258630474263993011706313338930291849216623,7.503860823312275985948839300037095464783330986489542753647625112029878330262338091320832499639638036e-111,1.495631060569314489165004138327273040407777832937466030911009054330638730778963503499471464256658894e-110,35.64241134202173481873001545315186248946328129718207915677039310025814088747210665134098648483387102,200.5877074738038973289181291150022996722594618264513302289099594537248281889682342298024379072770503,48.94234665952858188708120924137115659357654002261033455493320082493817290143764775450613316007463329,299.9589303795478308148232469339711528114936780341382397014734923941069092813033063411711752391456031,53.41140216947636231603323367669709573335138101996613084531503015844569663833206920736788341560213876,-0.8214184343984315096410845720940434418393038614114942889445422307038009700364342002397270824163554599,0.08194702177829310171621624671559779636369977038598674507121841752314160804154625653144181853706635539,0.1461045901926670502055036425201029584421102166913137781448568892761960487358965111925290181872502198,-112.394736392458043642348608612638590176045358314653073832654532606330251675531349458928863471466309,9.585702330101780293989403620010080739318361207086067233187675851238429478313306784928090833607765033,199.9150032767304589414961044955439640897515686930747015550510935841891651845539378744006750808397686,0.4095058689006184925376828076228019916554132659338051362134269684384351982869856807021643927484831597,0.1158257507341266628953682047785517363846604891080449665357946409862504074371116608914663594099780898,True,True
raw,25,110,stationary witness; not an interval-certified global extremum,False,,False,25.0,1.771178761528034314805023735090976619988678025406599604494554186723425295855026182413573469588927153,2.721386120554287506517715722719959806041311530679902960694083251119481557709112952770565371700669912,0.09078694550577826772961305758630125769934293683195747896802435073554614461595365227759849654177576542,0.01648079867961671649631175804481338198825759915239819839659605733141256828978829262653744727247572191,2.864667340075151366198368232104933817236538951579975714001666684782353010804611509819587637129044899,0.07084715046112137259220094940363906479954712101626398417978216746893701183420104729654293878355708611,0.004699146005855005990120754410011963502936852294682678481792406160967662533749785492857877845082754107,3.535533905932737622004221810524245196424179688442370182941699344976831196155267597125968835819103932,13.83469789278027765132086795422530729035548573738318767238056265425716555017278624962335631407475452,21.56675682618969949422575304419789569818749609949845811594436600435867029654713234246840989849653398,3.252691193458118612243884065682305580710245313366980568306363397378684700462846189355891328953575617,-8.131727983645296530609710164205763951775613283417451420765908493446711751157115473389728322383939043,1.0,7.297548038870582098150543900944586784055744893305171017108592546459293148151149285528772829835230592e-111,-229.3016087987069493101279870083258006039405524680372569761935600823406744805622741484349332019273009,2.00324853678081665206345560922810154136646165553519465410193310427836528527246676312416197190853197,1.271178761528034314805023735090976619988678025406599604494554186723425295855026182413573469588927153,2.271178761528034314805023735090976619988678025406599604494554186723425295855026182413573469588927153,3.60478298093030756622052582114725638880664604748587726965647588242701881605610421010883439625850623e-111,1.577712472283221757260699170934511565904873732720421945626581017944681094158186372598533163686818665e-110,5.265008829091866373006327463240752182816473653495819938585471963775402044072498042380121339013441978,21.35763306935764996909563321342647077277355891687697001618147715491102523491563317700095554783273606,21.96328440567239676792078333939618171625461928078233549959305797030411894044168921975691336963107032,71.48714636222781009940042534407746415449082635746809475544944811941724218365317753617004465560657668,29.91665825107632343010512132063206763547200688648979833494632741560355811162726340210767016136476836,-0.1432812195208638596806525093849740111952274209000727533075834336628714530954985570490222654283749865,0.01993979504465689513741210818266219289979581581569349478824218326660913278175260498105555775821867931,0.0117816526737617105061910036348014184853207468577155199148036511704449057560385071336795694273929678,-28.54594961432198840516730219657996606318221489911899652768485832244885716696056065428228060524583179,7.036202202514556492046934004505035252318333852426410384273129642407752309789401393787949650749073907,58.68153284905402288583115379982311013770982210800342897122777307242101722897267932204754950825713475,0.6708665658575862558058535784193113791876407368623944689400326601944781853506560873063811986900590333,0.1897497191956923275346993672316311231286626474549460250513215248784491767425258372473419343704407717,True,True
raw,30,110,stationary witness; not an interval-certified global extremum,False,,False,30.0,1.953500318321988941016741760245491253186067363321086588437280638380134223335672100262918673305898318,2.794579545267333062309853477633221200831206472437225247058510388301443751824188372702083796947647525,0.08003386618651269070503357500664268633114640777375693691090228136429763943596300685889495232643419047,0.01302136518408612373581329022627439716860880056287466769997556394174064001424307730059249310098286375,2.892399645798557616108835346508676435903244823223243498356366558710784654269290331498594429573224844,0.06511667727739963136722472534151637510620224544403621961457602127933780744452240334209728911019661061,0.006065922123605691695045251073601950583636178021322903183532689926360256340451701910219862081446242351,3.535533905932737622004221810524245196424179688442370182941699344976831196155267597125968835819103932,13.83469789278027765132086795422530729035548573738318767238056265425716555017278624962335631407475452,21.56675682618969949422575304419789569818749609949845811594436600435867029654713234246840989849653398,3.252691193458118612243884065682305580710245313366980568306363397378684700462846189355891328953575617,-8.131727983645296530609710164205763951775613283417451420765908493446711751157115473389728322383939043,1.0,3.882565353034747900968385819461660282483928450361214780614578286793322881594051622800625596129499005e-107,-287.7785500586144636105805550246607659766635226043138061295093269090062127764430597570695967769082428,2.047646714700687967645711998447816407782470907936261471105250439512657975746008491023461362277920482,1.453500318321988941016741760245491253186067363321086588437280638380134223335672100262918673305898318,2.453500318321988941016741760245491253186067363321086588437280638380134223335672100262918673305898318,1.043223245891097146232359083775300552554195419540577911980160764298070573623483729969409217008281431e-110,2.438415262083989922657331192271715698372166004140978152502966464346116006253022665456402848889503631e-111,3.500351267398507977136276850063674087114084124715596534635045839523628337490359740317457557574737499,15.20990352944592072368975314479860959386713016985846244056772391202132027329486227323270843581331436,18.63859590932382623837096844286788780781753532299945077245475673453628875573668027440849483989010329,53.41562088267770766297566360364590060893736600955314848469544445829512251421162964651304855737157682,26.51398354075206385132777899542502267869325487544796338957411281444804924060197499670515669304119005,-0.09782010053122455379898186887545523507203835078601825129785617040934090244510195879651063262557731897,0.01491718890911305933780884966512631122494416232972071729632626008495983199144060351679766321623757986,0.006955443060480432040768039152672446584972622541551764516442874015380383673791375390372631019536621401,-23.06979001916671168885685432230497607408661097085653193082450084102167668495563898756058871727320989,6.87252000538905362255301713622912991374045193231568773530473925268988545359778814006384085624865623,49.21093211645213700818224264313160062083584581407357425034567326647103068069865862779090021890231643,0.6431342601341800058953864640155687605209348652191266845853327862660465418859772656273744062458790877,0.1819058386217087024514590701769481344735450184041996999410945760205972175365369406140038849239577517,True,True
raw,50,110,stationary witness; not an interval-certified global extremum,False,,False,50.0,2.46432594208797962422225585654915318806417815976685485861523419621681891782472089801943679658534584,2.977688868197406880717470628990442571356884731524610144581203147081247548632022426805709639165822042,0.05580637974984978828255512110500612778385079802000284084958911693574177641781993069901219084252665574,0.006507869346123504875135100134972113734166745154445123449580920601798092851823040368535642205001614783,3.00831098623835917398335772755986993222985613975266224218080874914942645377063840027088428415734432,0.04928651884175959248444511713098306376128356319533709717230468392433637835649441796038873593170691681,0.005010579236775457899888934477597382367744276678840883746265586854845228627623469437252348507605290428,3.535533905932737622004221810524245196424179688442370182941699344976831196155267597125968835819103932,13.83469789278027765132086795422530729035548573738318767238056265425716555017278624962335631407475452,21.56675682618969949422575304419789569818749609949845811594436600435867029654713234246840989849653398,3.252691193458118612243884065682305580710245313366980568306363397378684700462846189355891328953575617,-8.131727983645296530609710164205763951775613283417451420765908493446711751157115473389728322383939043,1.0,3.719174862391544413883005769579317126797193642119773859565291693271936109868003099950700256929935796e-111,-532.7011012625195371249342004713751173731146762413704541605760484279840785455551397084971245626183381,2.161402450159134888210332972184229813935517205820302367872880876343404022170041815109404229141906564,1.96432594208797962422225585654915318806417815976685485861523419621681891782472089801943679658534584,2.96432594208797962422225585654915318806417815976685485861523419621681891782472089801943679658534584,5.994668739458911326194268155011167185125559494697036764154935348958371052958291006052548465460732902e-111,2.495874900822248669491785292242156618788536115162884539097559487663718175545158008092542356015637226e-110,1.028385415548465209740626104984027661306081234718709595657536458769562542584232199113184198769374336,5.808191733907049978968613316445832323336751546390356213703878622029854879429526110643282100615089068,11.68300279881126859382637457309849437332340209539624027244600142449950349011636484272856283430553518,23.0073781404343476443536131946530261098459579499620673127057674082249557202892414805745033275055383,18.7341613723743893075188005924438004887559998115519686610547787005081950954798674394998873778686541,-0.03062211804095229326588709856942736087297140822805209759960560206817890513861597346517464499152227839,0.00651986090809019579811000397402306402256723482466574367728443301140539806132551273862345491081973893,0.001497290109348046975246165657374731366422468475604239703315333746952864224199570931283293697396324355,-12.60604743906434068296232319246452975581967111800115481863218041944167212158630907848584273647139398,6.614243672821576303653477604727962927178645550744189770077587055822232909383360531416878114462139411,30.8190800571682763851632539907200695346158829313289519174610770396929065750444169437273053416534002,0.5272229196943784480208640829643752641943235486897079407608905958274047423846291968550845516617596117,0.1491211606851462314608721974690641625441530733730582063264096327474032196558477224536950536458096745,True,True
raw,75,110,stationary witness; not an interval-certified global extremum,False,,False,75.0,2.869791050196144006200268972013502324636168583229349056229248520360919589073635149287189224402659242,3.098841781089891128522331410234245525347521396953775250070163512884517122357788942216751001872311209,0.04159620604947454598412732971439373402105196822738967381628719794427063890646866387690785339992607801,0.003632220335419383621101148533240868630215072415452679306942317977833763618539674151820950041792702005,3.109258795779952666715807073127954164707313932191762037622678939530711210722256085866513926123863707,0.03826388066928192008267025296018003099514891444305798741638998027147892785431513532382918965870212322,0.00322416628776508337694404219564382579349501261891776412916372760074699259685388037241524656232324664,3.535533905932737622004221810524245196424179688442370182941699344976831196155267597125968835819103932,13.83469789278027765132086795422530729035548573738318767238056265425716555017278624962335631407475452,21.56675682618969949422575304419789569818749609949845811594436600435867029654713234246840989849653398,3.252691193458118612243884065682305580710245313366980568306363397378684700462846189355891328953575617,-8.131727983645296530609710164205763951775613283417451420765908493446711751157115473389728322383939043,1.0,1.14330605114762159838711592883205313603880902040449154380813931215529842887498506243694731255821459e-110,-851.9164799949368756597206011394904036218259645916178775018412411985373264677621747190273009914784776,2.238953113275419753388900074362127618464282319146316465618885363982483327736695479339459959164157065,2.369791050196144006200268972013502324636168583229349056229248520360919589073635149287189224402659242,3.369791050196144006200268972013502324636168583229349056229248520360919589073635149287189224402659242,1.342266624803598028813215708828252749746634348117670675714081002200010596416494301812558126077034606e-111,1.78874916815251239658070880193625018418828081203284811019330136110129345765804585780242967409124108e-111,0.3361583270765691822084266941695213275245222739856011262386129014742673245180746765738678520942454957,2.443730455275206124517583331326108319135448515486510960603039920188426816862165834726780998582293467,8.01112816930745225053862693526527876924420695776380926365055595455119402000506922920909635683789111,11.2342867439837039953497524777722637307798560854839497692723148385935290895992197044721689504139091,14.09210781614212844942200582314337272199282624006392214458973559956405813805192457664206827890428264,-0.01041701469006153819347566289370863935979253523798678755251542664619408836446714364976292425155249778,0.00333232538019262590145707675421370302590305378433168639989721767279171105215352855307866374122395479,0.0004080540476543002441571063375970428367200597965349151777785903770867710216857937794057034794694553648,-7.114841829103272630806246378902102446319517082843913511305651197460811688806620415218896297988236787,6.531601059353218868325830061692084785608770282168072434873162801198559220792327132562166429534288064,20.90262968685919691451943957845309744570447960756234716796416750915604904022623973763207330218939016,0.4262751101527849552884147373962910317168657562506081453190204054461199854330115112594549096952402249,0.1205688084160307017727676565108493966476841579655892261221057199028885582705085005425200175050662793,True,True
raw,100,110,stationary witness; not an interval-certified global extremum,False,,False,100.0,3.157473122647924933639487978007329756139678294127110112735914205710212539794415613625300123581764528,3.171979958081819100624919224364629937703317606238745395541910833291380769043997408171980513068962814,0.03363010256141561344826387088810613312753341739018133273698874803324208146070405784140703249337804331,0.00236372695378877281977624927202835721875628129002831725784105371009636773012034529960675886039977296,3.176027627702755737934821122164697777026766323968260859415816914198046000108302422097479583829859078,0.03157473122647924933639487978007329756139678294127110112735914205710212539794415613625300123581764528,0.002211592993021791075561920088172943464938585071002774468020768042362135405452373125322556888484973082,3.535533905932737622004221810524245196424179688442370182941699344976831196155267597125968835819103932,13.83469789278027765132086795422530729035548573738318767238056265425716555017278624962335631407475452,21.56675682618969949422575304419789569818749609949845811594436600435867029654713234246840989849653398,3.252691193458118612243884065682305580710245313366980568306363397378684700462846189355891328953575617,-8.131727983645296530609710164205763951775613283417451420765908493446711751157115473389728322383939043,1.0,8.995483905478026336831607264257844537316720382177962344763153946072528459219797977806155294181618474e-111,-1178.344704895189577323661951735280628988890907265493662446192070531674135672943674097193116116426015,2.286695038958715493984279340615305834761912771034306495971695664201205519005371078921723675202998494,2.657473122647924933639487978007329756139678294127110112735914205710212539794415613625300123581764528,3.657473122647924933639487978007329756139678294127110112735914205710212539794415613625300123581764528,4.066136523344663499536817359268803766296916814276781803034381199808950407022132960544429640026731896e-111,2.611246844081647350350417064976192636177783941285233790723562266520186321143001409045897089954122175e-110,0.1276070364386656184652245093625197155350327218193930107304539206771353207110566742237322942813798831,1.125896782906049467068776798433631057445096317215095815226631442660848881715221758894396565821251681,6.11170106062812450054286645168618399141575115189253825396176729780454791594481717729393715289909175,6.436190124376638433336131938607895346446802049706861748283274342079695479923043835833262050969793925,11.46142008005527538553752308643034473299996080757619403269128572666243572830080206411161410225481452,-0.004047669620936637309901897800067839323448717729515463873906080906665231064305013925499070760896264375,0.002055371334936364111868991108032835566136634448910231609629605976139956062759901705154031257560398033,0.0001521339607669817442143291838554137538176962190255427898202856677342323246679721742842019719147998779,-4.059997185170756803409771419482005111404276985880649843352044531811860225312773444747503834004458336,6.509544990877659357776867962767050674580453707713684582122123207333565175938777849485179929532811451,15.2597299267694656216239195143290807717058890817879132535330667833422792692048123865393224967765467,0.3595062782299818840694006883595474193974133644741093235258824307787851960469651750284892519892448534,0.1016837308862231495771973556611563817619874115093217000635792515277909254702162631418595700531994815,True,True
raw,125,110,stationary witness; not an interval-certified global extremum,False,,False,125.0,3.380616673962134689405783068317164259514279379675117326407202078197604283562683947043707347682106764,3.221751824406851474386064310604556104015134028652560933522623235551134245494214183466570057482196737,0.02845257956298089000447336378364470740966648258312588444080660780592068696992862089444066773245812425,0.001679897477967981360399520395654793293408667636792062386345157596507617963127651818941611368856177862,3.223231894395518471037720086264456974241355182868712523746410732082048477994243555378831926836266933,0.02704493339169707751524626454653731407611423503740093861125761662558083426850147157634965878145685411,0.0016129954271598154380474782450078861108798449573967372625299528932858031500771340140012004677619117,3.535533905932737622004221810524245196424179688442370182941699344976831196155267597125968835819103932,13.83469789278027765132086795422530729035548573738318767238056265425716555017278624962335631407475452,21.56675682618969949422575304419789569818749609949845811594436600435867029654713234246840989849653398,3.252691193458118612243884065682305580710245313366980568306363397378684700462846189355891328953575617,-8.131727983645296530609710164205763951775613283417451420765908493446711751157115473389728322383939043,1.0,7.484695031264327437341891298090972584808470822030495001626064614573765519279290864563541397176994554e-111,-1508.919256895417150307328760651861186135785188501222472189207629959286100181973023903800335761364273,2.319593242745217831103722576622832133981581137466584698405483187798626538219413694868867942960874107,2.880616673962134689405783068317164259514279379675117326407202078197604283562683947043707347682106764,3.880616673962134689405783068317164259514279379675117326407202078197604283562683947043707347682106764,3.311854433856493102524252108843176476488451327060770773131216502459949414422547082758858587360164654e-111,3.28743956725203920602378397611420604751222059636656734958697824250317640485041626253559495397177532e-110,0.04593991310735079878228516598099528252415983841190514490354519973141709824767975680791905756970578225,0.4739226562716541013228708160033841783483450210897264525363665279796829801694827180398589290088420967,4.947341130064966566405035961738989838968183575081362325766604948118339824711755037213881361902418374,3.982507961681758487844663534717503987411411514648993477768551239873762560098360560183262737877320881,9.739486423156003573908948641097014875244397368763782803195346277772758726974843937814645906099233417,-0.001480069988666996651655775659900870226221154216151590223787496530914232500029371912261869354070195898,0.00140764617128381248922709923710739333355224754572494582954899118033985270142714931809100895100127014,0.00006690205080816592235204215064690718252882267939532512381520470322181481305051780494041090109426616215,-2.023533600585918659921689558660390817314746984846238953493283954367240861590703197880989947632064239,6.506053051123276765716106499969562581811606436736991111903513234264108303572737663782613315572763515,11.43345828195908184669068888674334097576878505389766513650180752189958071249090771590208883762721413,0.3123020115372191509665017242597882221828245055736576591952886128947827181610240417471369089828369986,0.08833234805446682505965929605166775073262091971156889021796458679575109061587532355962909957961377695,True,True
raw,140,110,stationary witness; not an interval-certified global extremum,False,,False,140.0,3.493945359269137864144081388224321846251161669440453579282656464173613414838827116782824744076456444,3.244821876967621497172987425778714480068013049292056173412419020085041221840840973970069198923230657,0.02611682703305916250088020294657081952726359874643302335390551691113007752548867496388481312310372276,0.001408742945392512519509934600127404064137618639501818223639269674685618163173817731355939870963356858,3.24549376617587512267850331663135900945172346036110819631090290556051620847121601106011494412131913,0.02495675256620812760102915277303087033036544049600323985201897474409723867742019369130589102911754603,0.00136586335067247307419794495871320198396879521397925971713933361551157820028543039793858104712322029,3.535533905932737622004221810524245196424179688442370182941699344976831196155267597125968835819103932,13.83469789278027765132086795422530729035548573738318767238056265425716555017278624962335631407475452,21.56675682618969949422575304419789569818749609949845811594436600435867029654713234246840989849653398,3.252691193458118612243884065682305580710245313366980568306363397378684700462846189355891328953575617,-8.131727983645296530609710164205763951775613283417451420765908493446711751157115473389728322383939043,1.0,3.719174862391544413883005769579317126797193642119773859565291693271936109868003099950700256929935796e-111,-1708.618115287892998314588309990264313712002924253769734167393655775451938285964619052755560645316584,2.334956362195640041033436110352930032607393384728153776931049809604700393741290811906618611374131369,2.993945359269137864144081388224321846251161669440453579282656464173613414838827116782824744076456444,3.993945359269137864144081388224321846251161669440453579282656464173613414838827116782824744076456444,1.450863147019314551154056895458024024469010289464448063724759480846110993956371321398949707802704072e-111,1.614202146440014400608772199512421783422930977056865673140065960522732037460021624173742361504528564e-110,0.02070650512506791638175294734422305491143519116209593349230774609427397128495856511704232291228216949,0.2316538699839487510970424475820091160592889072116495177715832901321620060838943669449903456179939013,4.441866025235727113776044476242515047015323914812685228056128727752171345622523029411178111429680739,3.043819659241812357623618680843599689948913197132255035972022001147408975886372085979169450768588571,8.959260014506398715589982020480986775414620374181028752916810280365098756192423179905619633673625838,-0.0006718892082536255055158908526445293837104110690520228984838854754749866303750370900457451980884733971,0.001160074466851034899851050173539949196898158250429783501886542167032838848068481272578922093986176731,0.00004287959472003944531198964141420208016882342552255850649993605917403996288838733341735882384013656758,-1.078751764634276915064648815827460137603102723289739090820765063369581218368249086185519624724201138,6.50767462346248511792403536518857032838326457727729162748680086043318494325564137888511662562033009,9.638347076266469557260430244060519190314099503079416948881073011544157934585422320890279303364784063,0.2900401397568624993257184938928861869724562280812619866307964394163149876840515860658538916977848015,0.08203573985534857384253643631682887147906973610237292612901834837752335631537094425790503943070840993,True,True
raw,150,110,stationary witness; not an interval-certified global extremum,False,,False,150.0,3.562938230756089315617501093471678892711668717589604310349928529854313211043329864893052551399077929,3.258167733002104455259149141128848916884683255623951098643258039693497650397240978806991894885786264,0.02478373247065155208596656883153724198636625631273171896662896728641310810427296773123495471135817057,0.001264545019505841271417279922125892052726117870475534586256334469096117029352493809574434026523178539,3.258466471934483370987368677241193155698912416897562541518564387010382653535661457095610063532573788,0.02375292153837392877078334062314452595141112478393069540233285686569542140695553243262035034266051953,0.001232240764753682666720315646143666614152649110859464824048430268476005148567472655774687090173545205,3.535533905932737622004221810524245196424179688442370182941699344976831196155267597125968835819103932,13.83469789278027765132086795422530729035548573738318767238056265425716555017278624962335631407475452,21.56675682618969949422575304419789569818749609949845811594436600435867029654713234246840989849653398,3.252691193458118612243884065682305580710245313366980568306363397378684700462846189355891328953575617,-8.131727983645296530609710164205763951775613283417451420765908493446711751157115473389728322383939043,1.0,9.554733221628852885761957972748998035095072920268229517294547583062003156825053711663517103143893408e-111,-1842.188576549847813995869960886273386730958911346594587225746136142786623819820490363103513359762854,2.343877258965481015557251737224597205341650342137215191110077464235323169785071657871649746228973776,3.062938230756089315617501093471678892711668717589604310349928529854313211043329864893052551399077929,4.062938230756089315617501093471678892711668717589604310349928529854313211043329864893052551399077929,3.874407525978383601045535862062321142944514181548053487734833085212910606806284029003650779002698037e-111,9.11980793951404179098821060872794886079909801793740614066532019262446816212611439625549889530273483e-110,0.009168924280753804037206158973189967940897625246051872540951324444990413710258796557635806793233123334,0.1078217414684679344793849481523493080516628235236584864312404960519510927364180926212549801482705907,4.159223932465745361926217122417330102175637981420136760492692079273014325366619778516866880033326537,2.554614842007163724421004758567580710563446777400189581485340789017689074574759412295923161775001677,8.512949475288846816780234931022635293470845755791465241708512922884093162330326752191708494090471588,-0.0002987389323789157282195361123442388142291612736114428753063473168850031384204782886181686467875235597,0.001030810932277623315183228208392716034955131528801023564296110420717686697317435298614604368697651042,0.00003230425475215860469696427598222543857346875961606976220790420062011188078502115379974693634963333402,-0.5294899925207851525749131994138077484611456198771741236690776901971885797710034768196072562932394014,6.509584077556320032376338591673830202702747809342077336513699407744817484565563570589262522991422425,8.58849203428291348403591676382350611001088079367009494125193944084998784537682996524072300181013757,0.2770674339982542510168531332830520407252672715448076414231349579664485426196061400303587722865301441,0.07836650457044870678422466620650756531711599553132301099463581672083715623011585154793470423939623583,True,True
raw,160,110,stationary witness; not an interval-certified global extremum,False,,False,160.0,3.62747675189366048729042500915567182084057734293935815318530634271621441799584199581275622647784098,3.270186209686044467244449802504192359813393622559000097322783418449496710893383586661510852162470484,0.02359445934283361135093186197010253483809040436672752298196043473082962986855606277588866027587269116,0.001142425819420228165011779850401872325061125813515598834048249779521599524215103353652901432251222246,3.270202743169467316073195017854420603695087383998368979064767327286721934125704550579716120876411116,0.02267172969933537804556515630722294888025360839337098845740816464197634011247401247382972641548650612,0.001117901880833709816314196049724477638527315741158476755778459381881262358381144578038167112373285004,3.535533905932737622004221810524245196424179688442370182941699344976831196155267597125968835819103932,13.83469789278027765132086795422530729035548573738318767238056265425716555017278624962335631407475452,21.56675682618969949422575304419789569818749609949845811594436600435867029654713234246840989849653398,3.252691193458118612243884065682305580710245313366980568306363397378684700462846189355891328953575617,-8.131727983645296530609710164205763951775613283417451420765908493446711751157115473389728322383939043,1.0,6.85781959765300003711166355022278169848650939084032949768538372015138354792856921283921372921713198e-111,-1976.058487493914905590474892922265682016114496456073299588089740326226977449832475871435099216040822,2.351932021943057385319008282394822225639712445099984613612280593782232647401491232306080339487470149,3.12747675189366048729042500915567182084057734293935815318530634271621441799584199581275622647784098,4.12747675189366048729042500915567182084057734293935815318530634271621441799584199581275622647784098,4.077703312878171035369817593337505265526413390820190123578639751221498996672796865966448728469526884e-111,9.952488150998093546476665737052498448585480109181318709159103268478227518186881835264025742123418759e-111,0.0005055823235349075862743381451177890697584365271964614061249520266082339902111466343387159262682214249,0.006231263320396360430614701685848074038780648182767031935366147849006411873019318986485833582010045561,3.910789520924096451835656602331692758771173813299389834509289284543965840782684671826405188789316633,2.146654791027398922967785693326469243763357456877289913067775464812227861583773607358767689486034453,8.114146388996239033247907580285404903722711382380331601501538710630564991986956043476963857066317271,-0.0000165334834228488287452153502282438816937614393688817419839088372252232323209639182052687139406316907,0.0009227296434982333053667056628795859578367959733565345245522700888532897560820503020589338603861850368,0.00002452393858651834869758380067739468653381007235712207826979039764033716583395877561473431987793724236,-0.03216585160632305677696424710419621977404035677071516007651865275616379061919338021693497809487510888,6.511931154685798025805032846307581706754463746858989181701810076829957177750790225015944396302302647,7.633802016931364892772414609439897880879268355987614199039177732360708947939544520455243226409465718,0.2653311627632703059310267926698245927290923044440012038769320176901092620295630465462527149426928163,0.07504698578000800104786365511522023474881846762623430265942325294686393957055048359324675553886024135,True,True
raw,175,110,stationary witness; not an interval-certified global extremum,False,,False,175.0,3.71708891058334761991037647853415634962576275498846079295394433666100515860709545020123196817679868,3.28614694667217288754493310784790374009476282132962041437247787668001464706180444037587543900564152,0.02203138279090038875349621296379429767783548599460110831577907476636161104632636725636120924483618821,0.0009913257835027845244624391393008144133308389775130669152525390835921123826329691615053007451715293118,3.285861087732080734178660462858400327799861981695667593369503144678240233634132112755896074324132436,0.02124050806047627211377357987733803628357578717136263310259396763806288662061197400114989696101027817,0.0009749565809741935581437507881566545214334730756992576490695109354447756046049281147800612880831104383,3.535533905932737622004221810524245196424179688442370182941699344976831196155267597125968835819103932,13.83469789278027765132086795422530729035548573738318767238056265425716555017278624962335631407475452,21.56675682618969949422575304419789569818749609949845811594436600435867029654713234246840989849653398,3.252691193458118612243884065682305580710245313366980568306363397378684700462846189355891328953575617,-8.131727983645296530609710164205763951775613283417451420765908493446711751157115473389728322383939043,1.0,8.995483905478026336831607264257844537316720382177962344763153946072528459219797977806155294181618474e-111,-2177.349859321700525995087091797070721596684402835920588315062161643188123618100222496603531366850121,2.362660072652829027276619896659536025284258391060807171483344138724407275694868744064486355933831527,3.21708891058334761991037647853415634962576275498846079295394433666100515860709545020123196817679868,4.21708891058334761991037647853415634962576275498846079295394433666100515860709545020123196817679868,2.047067103156027940276527959520051267855148236421231909496221626794603711489039307454926321244026942e-111,3.932389056141085806254779921624335935002263443748012542759562102325182382666801260050962107156672665e-110,0.008698909231117556266119858803282741276444303931383553892550451829480859411362854548617421421464326518,0.1144934166851973608064038359706973145953796154805775757492464236494500782521472931443597827455493475,3.589764373531611653443295603679570992673461103336980152215693581688700828355485755722371907421495749,1.65124349643680855997786451725939621390724937543030728595523514565141929359229713372791019653599144,7.589038570326710970040258829004254622314204152524176857051174240767363193803006859503951573561491565,0.0002858589400921533662726449895034122949008396339528210029747320017744134276723276199793646815090835691,0.0007908747304241166397226330864562613942596988232384752131851071282987244257143932552113122838259100425,0.00001636920252859096631868835114415989189736590181380926618302814814733677802804104672523945708841887358,0.6336099343079218429775524408150594444004016113338682464679600765797841197234413642636121352490028879,6.515996577396229404891310122450441413686898422984680463637232648600018369810646970342903288415348297,6.349445057437264565676708541743493188753278852700667274319472014655622169460432009719336023341866632,0.2496728182006568878255613476658448686243177067467025895721962002985909625211354843700727614949714954,0.0706181371310562200725301572839935581282779249562637195940012398259603637949412647249964912138911506,True,True
raw,200,110,stationary witness; not an interval-certified global extremum,False,,False,200.0,3.850620303207870243056720099465506324215178428487365366856594215203606161764110329231163450578183215,3.308417683722155430859916406754584618880354058884623496612224235701400373999290929938636102910734819,0.01988109563986223142414627353070665962327897439644118155688135205661656080344484151967833441917706661,0.0008010090278253611950703953249272083359606771232064994958780028945864071870293705711141638408480531199,3.307833357626350349940037142905791593075347211140687844606039563154897185704459721311250721745298981,0.01925310151603935121528360049732753162107589214243682683428297107601803080882055164615581725289091608,0.0007926352942124294190379016392366353344852752430738319998687848427532409134997197228330066625171558894,3.535533905932737622004221810524245196424179688442370182941699344976831196155267597125968835819103932,13.83469789278027765132086795422530729035548573738318767238056265425716555017278624962335631407475452,21.56675682618969949422575304419789569818749609949845811594436600435867029654713234246840989849653398,3.252691193458118612243884065682305580710245313366980568306363397378684700462846189355891328953575617,-8.131727983645296530609710164205763951775613283417451420765908493446711751157115473389728322383939043,1.0,3.42890979882650001855583177511139084924325469542016474884269186007569177396428460641960686460856599e-111,-2513.912287810033785052428482121843944368868010123666574878433298990620147395823271112377465773435748,2.377689464055243718958823482440505383592906836769458112916011442780218792463602544205523542444105702,3.350620303207870243056720099465506324215178428487365366856594215203606161764110329231163450578183215,4.350620303207870243056720099465506324215178428487365366856594215203606161764110329231163450578183215,2.585108256016900136027158320246131727788611900993542136261247744257742625653498173643786053244061274e-111,1.723626465544312496249126573100500179413999972886173273020150822679825392888143080419452665319645084e-110,0.01766179943602771742483168199249576451778675741347758105797753555599776737867524879409728760577067841,0.2566204166618117342912123552934168354750285858437902524925243603547100587823429193000584174853214597,3.158750076951151238757720313409322228290694191536751913906052820320607867304760503170288512003355178,1.04539815683044297477487179440909518695222889417763962870469938368717563741694878846302578092701061,6.864798943858373542420035944247410012438917568506588769094599892076958579586115742254488994254084602,0.0005843260958050809198792638487930258050068477439356520061846725465031882948312086273853811654358378316,0.0006279941238228802088626730333791280022030822540043547225983809805985299946242898735225171662861505358,0.000008373733612931776032493685690573001475401880132667496009218051833166273529650848281157178330897230527,1.576354463089037801722022155484902824127746012835928933751213582650229514839686841995639417849473572,6.523563211877438045092570283543502199328136925190674576730074385024175584999625873947094698972529851,4.518015693027318023708043154336275539622728720094850419013120277972432069195122704415659311454271488,0.2277005483063872720641846676184536033488324773016823383356597818219340104508078758147181140738049505,0.06440344071493659171197930629389034112594914316605714848197684334094012055625433252843580664174706291,True,True
raw,300,110,stationary witness; not an interval-certified global extremum,False,,False,300.0,4.256085411316034625034733214929855460787168851949859564470608539347706833013024580498915878395496617,3.365866555454713756437350940914526781035446368491971996428097352181255331395483238909585390771631713,0.0144969168522636425990125014881805924228322891464491720336628670054922446899056565248238718573221583,0.0004142589095352747050001263502657991176676669879730895262135266324228962587269392749384104754546320457,3.365035249472679609809472361590265913628128855960214577848319488371912649893914334910473790956383844,0.01418695137105344875011577738309951820262389617316619854823536179782568944337674860166305292798498872,0.0004146099893915236223011551858440941949828862667473721539514821591913155369803688046113906349415696873,3.535533905932737622004221810524245196424179688442370182941699344976831196155267597125968835819103932,13.83469789278027765132086795422530729035548573738318767238056265425716555017278624962335631407475452,21.56675682618969949422575304419789569818749609949845811594436600435867029654713234246840989849653398,3.252691193458118612243884065682305580710245313366980568306363397378684700462846189355891328953575617,-8.131727983645296530609710164205763951775613283417451420765908493446711751157115473389728322383939043,1.0,5.16461906129233197010347586433763958100966088333168057880979718727046582637319296870457730845679393e-111,-3869.017521984134326981307625924303102112294112913624466908798366400527163335691159962189654328505012,2.416789449042178399240096780348689693764731803897232667714669476630312055796956098068087927050502606,3.756085411316034625034733214929855460787168851949859564470608539347706833013024580498915878395496617,4.756085411316034625034733214929855460787168851949859564470608539347706833013024580498915878395496617,1.932000793984792565473202021927925445500813800905044711471185294662457015413902619272599975699808918e-111,2.94070218858570916258336978596611606241704261516718070712591126164471931734095762510199733989638231e-111,0.02469812656972197903382848360420734464732178383675957153108669426636426233332048352679796596279189413,0.4875733330068164549377640478324377668540337998254308007704642283581978198308602812548298534462559677,2.138147610067818170354348551818551332087607500717760252994775900903212808584811372817662267715693001,0.08474889692602311493491723581468233161158480214479627856833198476503070349284849782396230198847059927,5.040822257289476924180074088615836789183493317590195319356218779147421535688566740167986230513576212,0.0008313059820341466278785793242608674073175125317574185797778638093426815015689039991115998152478687104,0.0003099654812101938488967241050810742202083929732829734854275052076665552465289079231608189293371695805,-0.0000003510798562489173010288355782950773152192787742826277379555267684192782534295296729801594869376416565,4.130310919395473564889273792114107256969670396782070380131999058278800285373565005478467473075133348,6.55458963176478629276592662876900416169032816587870494767219595640626781605972695493515178666110465,-0.5232979174394297027291872156979484464091902309380002934681960722188726200033609401716304110249796539,0.1704986564600580121947494489339792827960508324821556050933798566049185462613532622154950448627200879,0.04822430246644103134103275207879521615519495603992570446410938674511501666248872641230469986312966601,True,True
raw,400,110,stationary witness; not an interval-certified global extremum,False,,False,400.0,4.543767483767815552473952220923682892290678562847620620977274224696999783733805044837026777574601903,3.398446722461105189699481555986819851565889108998374101569749577068393058843486134803026272123077355,0.01154631491439109210427848199713001137976843922440366488470175872999307934883671487176897105370667287,0.0002568984080924428628209121096235919280678981091876031798795903933749614199509730872982637765908900292,3.397709927183845820957387314995678447924700552259215175487510170849593484716201015068373034742610195,0.01135941870941953888118488055230920723072669640711905155244318556174249945933451261209256694393650476,0.0002580930850423527672963308141075087006839760545992425956830944187289869939090865410838435257282671271,3.535533905932737622004221810524245196424179688442370182941699344976831196155267597125968835819103932,13.83469789278027765132086795422530729035548573738318767238056265425716555017278624962335631407475452,21.56675682618969949422575304419789569818749609949845811594436600435867029654713234246840989849653398,3.252691193458118612243884065682305580710245313366980568306363397378684700462846189355891328953575617,-8.131727983645296530609710164205763951775613283417451420765908493446711751157115473389728322383939043,1.0,8.478199771076276875133535975422910034572215314315647606244660477485956748599028425034994876050536733e-111,-5232.318175753091850894477923052347122803916219550701706134284242209656563943775415173962805214404768,2.439183291827192169720326643766514993281080937405970522970685699564125514372729235657751376989237949,4.043767483767815552473952220923682892290678562847620620977274224696999783733805044837026777574601903,5.043767483767815552473952220923682892290678562847620620977274224696999783733805044837026777574601903,2.656221957291987858133736501650216374245459401661258692198365135450193068505762353380247313748905557e-111,8.219465524623995450411495089305989999795013351665319649372556952075120556587351655622987705347949938e-110,0.02168035392138772228830919262262685134465599769627589925808710078237959237356781414818782107956816087,0.5345915013829138055675803041597265575286391339591056257832377200690492303928554482208062253948414686,1.618665404133483263345436330902893017560570808229051494121460642199879017680781224487991550870530336,0.4650386737624350759574608307658500000569571485564474712615471548484357795662485340343254776362730639,4.033818819803533891726897624462686706858132254454731838755761497820820381462972037181420288473643158,0.0007367952772593687420942409911414036411885567391589260822394062187995741272851197346532373804671600312,0.0001868962049715532230936014448208041490417428172846133322585731682505798895022022596764041097701681126,-0.000001194676949909904475418704483916772616077945411639415803504025354025573958113453785579749137377097828,5.709980399750689034199164666948736428937616320692052005694420886988704815821606883964049974509340705,6.581189046815355360264630004231703059032490717846237689142463626760551746502008872376435097198314556,-3.703379855198576589117322498835770002400170667771709872186674396417142922395421537144924431094273959,0.1378239787488918010468344955285667484994791361831550074541891741272377114390665820575958010764937371,0.03898250799338080431767996737860124568545229028872672346608203045899238918870026674297091412844719253,True,True
raw,600,110,stationary witness; not an interval-certified global extremum,False,,False,600.0,4.949232591875979934451965336388032028862668986310114818591288548841100454982719296104779205391915304,3.434824389096838796006956573500979463716547955010448367441464620605469594802576637782829559899818074,0.008339753396202240956003740791211296737045484156238078933867658751034310791888132458992187886302585432,0.000129413286596474905225260766743099996439341363393321564335915091621870463076397405059660279031749371,3.43430210797224317256368564491102892380944567384641648820410322786352478554881586991806348402801638,0.00824872098645996655741994222731338671477111497718352469765214758140183409163786549350796534231985884,0.0001302899468986566444805578650380679341069025639449695254727141878159074467047173613197773743349382684,3.535533905932737622004221810524245196424179688442370182941699344976831196155267597125968835819103932,13.83469789278027765132086795422530729035548573738318767238056265425716555017278624962335631407475452,21.56675682618969949422575304419789569818749609949845811594436600435867029654713234246840989849653398,3.252691193458118612243884065682305580710245313366980568306363397378684700462846189355891328953575617,-8.131727983645296530609710164205763951775613283417451420765908493446711751157115473389728322383939043,1.0,1.468956370522639273062094462751328637956472141815216048183022763157465843412092141686175896949467304e-110,-7970.843396916178449225630941190472357181071145070457954142259088123667234672802850729866285177488494,2.464386722379106627463576464194141015465278360961211861473069844320286682728675685593357382199535248,4.449232591875979934451965336388032028862668986310114818591288548841100454982719296104779205391915304,5.449232591875979934451965336388032028862668986310114818591288548841100454982719296104779205391915304,6.095850474857306645728203653691504152106022386346195476597823842820010035201475455775184571898626159e-111,1.019779181962361026042998629066534921824794535568586624451582431371867358026007564634936093246621246e-109,0.01520546803654650104142818635383117672347528756485941997561595509301954165249545416065065532814126946,0.5159259591531139592260929271891294507438676048743298934508693730833484231844664841858854378417323201,1.091547980108485710355980890795823121826778617723512689166797999619998955784642211427721969054226071,0.677411358012461332298692775573181155726986298314389290584623930893331601845203316320511518164879307,2.932013559574719188574282845594960866500676293244754829885925153249926505201537950050356218441072357,0.0005222811245956234432709285899505399071022811640318792373613927419448092537607678647660758718016939627,0.00009103240974227439858379856389791002227436917905455423621551116963247670025026696548422254398272659197,-0.0000008766603021817392552970982949679376675612005516479611367990961940369836283199562601170953031888973985,7.675931721266742393418136658138755531658204573456754496189191108521605738903765513102398148314450361,6.621565444512046984157270003380281112892293367678802570488358903080577636394929574567384623998167997,-7.730531668172588032936090635927252814377498140193592709128682852283968872104712282475901847853162677,0.1012317979604944494405361656132162726147340145959536947375961171133064106064517272079053517910875519,0.02863267632382885464497658552716832482591595715709495171545043256490572760495976352532102380328060706,True,True
raw,1000,110,stationary witness; not an interval-certified global extremum,False,,False,1000.0,5.460058215641970617657479432691693963740779782755883088769242106677785149471768093861297328671362826,3.468019974202083779154189023509777965600797247892847717782718579455262354328142293768029385120835798,0.005496494714539040244811803102539610157654040419929349752169653758177881697129758448178755921396764939,0.00005360846394879104141221815444005152998830969947640442294689904003340647030621471512828175175764865529,3.467727708975747430115718500928563732461251148206886369598657128505458508928744418927292629348739793,0.005460058215641970617657479432691693963740779782755883088769242106677785149471768093861297328671362826,0.00005397149906420991423718244164145615667257305449810062567066165381711552167635039194905285015628938457,3.535533905932737622004221810524245196424179688442370182941699344976831196155267597125968835819103932,13.83469789278027765132086795422530729035548573738318767238056265425716555017278624962335631407475452,21.56675682618969949422575304419789569818749609949845811594436600435867029654713234246840989849653398,3.252691193458118612243884065682305580710245313366980568306363397378684700462846189355891328953575617,-8.131727983645296530609710164205763951775613283417451420765908493446711751157115473389728322383939043,1.0,1.423526021102921893272730991261950295043578153983277982622538695547127566608170047863490049574758659e-110,-13469.02457699170887987894460179121476328779642065985312829297578167250509373163862283081776921314282,2.487584043995720134519545818032051242047959904250229870876529580284300162504189416871569812083026974,4.960058215641970617657479432691693963740779782755883088769242106677785149471768093861297328671362826,5.960058215641970617657479432691693963740779782755883088769242106677785149471768093861297328671362826,1.552458347151796577092559730925365355940514669188083560051761916633106519306678322076767635322653883e-111,3.029899863263375106448071778894499898769360429141015611715008175302345425177341816269178146488448036e-110,0.008427437803428249622632825089007506037104658807643251964538611204605799348368471338981829020676784604,0.4310302589625168415694930363449024180016869411621586396273546057790521129152437391060097128877732269,0.6629042833551664593206056822898098116615660947253707783605377583838881100873069308940489759450724287,0.6771973839162012790582411591933723696569487251834124190855241567393774073606297847259646617984241513,1.946757291851738399004360778290993961394368706829894855334692443987854341545197710722969848484988576,0.0002922652263363490384705225812142331395460996859613481840614509498038453993978748407367557720960056127,0.00003643649889706962715432366984791619391326063717346666340041165150009654765799035431745859272540211317,-0.000000363035115418872824964287201404626684263355021696202723762613783709051370135676820771098398640729277,9.803532653471232995835045735415767895807400151409532737771058435937338120333152026053121683104606975,6.673280294463962465624581923509310656875319098074510640601425712924931032452939770591378016593745608,-12.17738645469155270598093848195708254710696814291183366339654536502549620037807768837564394764914385,0.06780619695699019188850330959568146396292854023548381334304221647137268722652317819867620647036413908,0.01917848866990336328648578908444575898855087741078389034735790389569568101967213601945725041654011541,True,True
raw,3000,110,stationary witness; not an interval-certified global extremum,False,,False,3000.0,6.558670504310080309052724669614219668388270340578632540503936440315279442690377060734913083485094915,3.507929616462564159079207933404833045782334877709194256999690763749402095462178537889480941326183776,0.00219116120636774526384462268682209269764382053838972396855405143879964843647575254044506610485013337,0.000007653862394913487124486289466714004089274972823621556760942408835132154856937984883865603771090412153,3.507865517242067819624225785377605027470178870598130328768876701518507952321856717339143570909018705,0.002186223501436693436350908223204739889462756780192877513501312146771759814230125686911637694495031638,0.000007685607575469903276518578609521688841294107532815152760676374191190285105562205901205826490686769511,3.535533905932737622004221810524245196424179688442370182941699344976831196155267597125968835819103932,13.83469789278027765132086795422530729035548573738318767238056265425716555017278624962335631407475452,21.56675682618969949422575304419789569818749609949845811594436600435867029654713234246840989849653398,3.252691193458118612243884065682305580710245313366980568306363397378684700462846189355891328953575617,-8.131727983645296530609710164205763951775613283417451420765908493446711751157115473389728322383939043,1.0,1.015137179621485771866423010880893287435942060952950152949627201423195156687320964602604177560284271e-110,-41062.19951836840556815775155412755007229787895513954376006282298793854570630522069693855221674333797,2.515765495437453953675207102960451066814847767178179851872545267228593643720227858583020158457932032,6.058670504310080309052724669614219668388270340578632540503936440315279442690377060734913083485094915,7.058670504310080309052724669614219668388270340578632540503936440315279442690377060734913083485094915,6.195354007428947010914110115470457423153628115835977139243198081607058552417744350998649504133410515e-111,4.758312011159592007357887150170774085822004672083012471599268048925265631559490305319421650707324414e-109,0.001827266436462252421548864963877364845172034736137860937848957354995254927559050178871267628714194963,0.2316695099702523627177009567080419498141294563422137313049445129672672034050062391396071562439558896,0.2253464928414366258659527729009563943731421197083196042785804650267455033652841451697392361292182198,0.4147602728984647896960540762096973602800826200415973206249042153874324740480983271555480931284943441,0.7869111552474630368137628360709702243675263565621094226133391899294022872427430041443115922511745373,0.00006409922049633945498214802722801831215600711106392823081406223089414314032182055033737041716507063556,0.000004937704931051827493714463617352808181063758196846455052739292027888622245626853533428410355101731759,-0.00000003174518055641615203228914280768475201913470919359599973396535605813024862422101734022271959635735826,13.41107622748028237168184974262478035982852733847022837253155347682571513200329959168393133521855833,6.775663505319072453538758654257517428220814548766500697581445863229541920616564538170894328282173303,-19.92553261961436999841894495693125777109363030639976699603068344168778124802537492503136753576566623,0.02766838869066980237999602514664016895400081784423985417282264345832324383341087978682526491008522671,0.007825802107071119243691959713989561886303541023943143893410931588817031157132375876320901123386355686,True,True
raw,10000,110,stationary witness; not an interval-certified global extremum,False,,False,10000.0,7.762643308636016301675470887376058171341881271384656064802570007645357759149120574097294533760961125,3.525577564984255923918988852026036765574434602740251085611155538158530526093337975079146691001214986,0.0007767973697937180285943391396877086960968750094798860554982323496700071359888111013219736423399283742,0.0000008566823813210062309622793358319159592193180802276443022540450553338768766087316953239571456753137778,3.525567729323639402467215155488704377825568114040014513508349725990344510670432613236518487044923553,0.0007762643308636016301675470887376058171341881271384656064802570007645357759149120574097294533760961125,0.0000008582706819820191771874568240118287869576025828617350666111562721060968929817705264488013142772903831,3.535533905932737622004221810524245196424179688442370182941699344976831196155267597125968835819103932,13.83469789278027765132086795422530729035548573738318767238056265425716555017278624962335631407475452,21.56675682618969949422575304419789569818749609949845811594436600435867029654713234246840989849653398,3.252691193458118612243884065682305580710245313366980568306363397378684700462846189355891328953575617,-8.131727983645296530609710164205763951775613283417451420765908493446711751157115473389728322383939043,1.0,3.811020170492071994623719762773510453462696734681638479360464373850994762916616874789824375194048634e-111,-137822.3369399903360625395168021226355071738000971332376087339474325487128729656780501598237040123344,2.528360962190451663028165149531361938797167957057354902312496326264675546081263579960445575292546682,7.262643308636016301675470887376058171341881271384656064802570007645357759149120574097294533760961125,8.262643308636016301675470887376058171341881271384656064802570007645357759149120574097294533760961125,2.366520982657757020706431931587882946747677946284164171643049667350036505101714831661122723612858048e-111,3.610575729897531514899837929756206028799123723852189035549076484804933794238416500754999766791447169e-109,0.0002789801226955951149656419508091321671611566669606001060663276120268685199221375536404699278099178102,0.09869041059880858980006081413471738118913024454557289114091600966015786311839323692217717371154204958,0.06862007401723685911228443080638217203027071734466220735930567966509926732009671653177585431015065999,0.1854013454279032679284225522179772193368871178030724953950151141414804850030017882258071023716827415,0.282403117360606413062574601822154562069724318342173869645976876698329590106103088380394291711940525,0.000009835660616521451773696537332387748866488700236572102805812168186015422905361842628203956291433592732,0.0000005330389301163984267920509501028789626868823414204490179753489054713600738990439122441889638322617334,-0.000000001588300661012946225177488179912827738284502634090764357111216772220016373038831124844168601976605301,16.32240963811731485480029939575060936965626083368297192809997540049828472811105265979236446008076238,6.866719349623953793783393707482459568958618420160010943515250676684776766270743210539532624941333608,-26.35806076309553889595795418871015493061277605093557573887479970919047506632443016736007452537916772,0.009966176609098219537006655035540818598611574402355669433349618986486685484834983889450348774180379282,0.002818860425118441161525184260277587980090301367063561068835788263861226949232264572472854382776028266,True,True
raw,100000,110,stationary witness; not an interval-certified global extremum,False,,False,100000.0,10.06522840163006198569346234206042237894298276001342904083589790861293036882647305433329173885055942,3.534218936196870923917314892366601926242091870709616389760030267433125199629398385245325449742682555,0.0001006593180364406409827401110615113162917040735001156980200088171791811264599894872826849243966626789,0.00000001176472677503892547827274163399943921210566925403092031008091508341226214889239071260205164201142181,3.534218732580487880015705512613093847344086658964253887188459843344247585930565832130065528128971497,0.0001006522840163006198569346234206042237894298276001342904083589790861293036882647305433329173885055942,0.00000001176826373321939212003089231609096007189474620742463876515696006041038569200037133407074126991686921,3.535533905932737622004221810524245196424179688442370182941699344976831196155267597125968835819103932,13.83469789278027765132086795422530729035548573738318767238056265425716555017278624962335631407475452,21.56675682618969949422575304419789569818749609949845811594436600435867029654713234246840989849653398,3.252691193458118612243884065682305580710245313366980568306363397378684700462846189355891328953575617,-8.131727983645296530609710164205763951775613283417451420765908493446711751157115473389728322383939043,1.0,3.42890979882650001855583177511139084924325469542016474884269186007569177396428460641960686460856599e-111,-1382788.105128591001396827728058167451836121540815132284968540679445685399503063742632189758112565044,2.534579948294847034520971579671276851636778465750769259635560631565189485551449963723881596003803116,9.565228401630061985693462342060422378942982760013429040835897908612930368826473054333291738850559423,10.56522840163006198569346234206042237894298276001342904083589790861293036882647305433329173885055942,3.409641361657040417203359710255985618025463370958429223960264658693931575846974387154857815172393685e-111,3.267470389972833436722901294620915311820254920707084138534458486840330768316222585997726546687329321e-108,0.000005761283800460043620011016421786700043182476198975285810075997893921453329194956719850199866729272567,0.0154820946376076146627868357512334634583039117362697255402030713028621587766821714265512393193069441,0.006987947342812985283916024136828967510315857739215960730880030892989633812678497554767802244709146777,0.03006409114379912292425172213257888266220290124910473428807955944996703948005947085866261853971438221,0.03720679900158422777327456986918146912282294079204807652690548205535723355183145529722716267675326521,0.0000002036163830439016093797535080788980052117453625025715704240888776136988325531152599216137110579444471,0.000000007034020140021125805487640907092502274245899981407611649838093051822771724756739352007008157084650675,-0.000000000003536958180466641758150682091520859789076953393718455076044976998123543107980621468689627905447394447,20.09858346613495930238421338273940534043162754016711602763394799117060577274653585031109132454998031,6.988435691019160051597304377370395821582994630953331706275200141330792035682871378013372510401605172,-34.91263725621254453828386699064226181341811687728475637593121962460327053601412460762737613029575141,0.001315173352249741988516297911151349080093029478116295753239501632583610224701764995903307690132434466,0.0003719871983246545994401789612110600061325514993048733102935786138152885796497315542999983723898044992,True,True
raw,1000000,110,stationary witness; not an interval-certified global extremum,False,,False,1000000.0,12.36781349462410766971145379674478658654408424864220201686922580958050297850382553456928894394015772,3.535370536477300746328396848378850474422032891761702073489633582166007999921493855017760568000722771,0.00001236790089327549865760655327304871659279501791853359342591785398353375373706282806062245643678755691,0.0000000001495320003578381121763320021640111672974281743520622500439120179423790773250494543035217723272349823,3.535370533028378655801888617492370334794147198290770480485384940840179340965175593965682677768819249,0.00001236781349462410766971145379674478658654408424864220201686922580958050297850382553456928894394015772,0.0000000001495382064661859246818721639206363227421346658623192686420235739975980245418303740365346939706083458,3.535533905932737622004221810524245196424179688442370182941699344976831196155267597125968835819103932,13.83469789278027765132086795422530729035548573738318767238056265425716555017278624962335631407475452,21.56675682618969949422575304419789569818749609949845811594436600435867029654713234246840989849653398,3.252691193458118612243884065682305580710245313366980568306363397378684700462846189355891328953575617,-8.131727983645296530609710164205763951775613283417451420765908493446711751157115473389728322383939043,1.0,6.171017224704792193135791504990729163368358166750086145405564556771738362629775239491215293319658179e-112,-13833859.69045591456936683658718682161572438579825163105883223627523330170489267024637493732452855441,2.535414898876490780576564210905901226582777366999475854452210865362178856196783547035803847527978153,11.86781349462410766971145379674478658654408424864220201686922580958050297850382553456928894394015772,12.86781349462410766971145379674478658654408424864220201686922580958050297850382553456928894394015772,3.271137101424414728654606776096072048364913872274796465590856699246527924502536669634672820316716005e-111,6.676913852136149737141080110003696351428209177435371786779328056232489185491033325457879395022924862e-107,0.00000009755475571630092506302800271685958722828970351082159886949875174103578288586049857204147965621158364,0.002111073500259546012931482122606922132423631967551203925434822811423361401141079768449826922164925434,0.0007066571129989169152318098507896111751763607743216528312331387825184941895835689548062419073879986111,0.004150354661852282300488966869983718601774382551579574876333068492797359987611407651765084102698396079,0.004620999517625091466211901630325392695888780770592154190868517960429071742546657323022061627761240153,0.000000003448922090526508230886480139627885693470931593004248641325828658956318261052077890231903522728053342,0.00000000008739865139098789509947630393000625093366989139140904862817395325075855900252605316749284739918896964,-0.000000000000006206108347812505540161756625155444706491510257018598111556055218947216780919733012921643373363531353,22.54745500651826432094646366743129345481318097664157017279984714344261420386191124749470974617903625,7.066621066769586159540519164605284052929482261372274998008501476348914575567313359845588625830723658,-40.5726615635199899390471183551437933963789983822635836314131714939240124114740217549548126746340411,0.0001633729043589662023331930318748616300324901515997024563144041366518551900920031602861580502846831003,0.00004620883541374650827278394963943612142560728619033905137035784012444544643762366513527113065020061717,True,True
raw,10000000,110,stationary witness; not an interval-certified global extremum,False,,False,10000000.0,14.67039858761815335372944525142915079414518573727097499290255371054807558818117801480528614902975602,3.535514383137605721385619391506506326017366529396517940111340696431305338238514975742178641492618304,0.000001467040903357759584115285248012719502785874639472911707274222663290232930666554530624073833252509351,0.000000000001813928160639776956361816965013492011444325092032893799099133221742775963140622161785381995889616848,3.53551438308538832618364033489698173758897412070683140540796885916582666121949621414387063728594832,0.000001467039858761815335372944525142915079414518573727097499290255371054807558818117801480528614902975602,0.000000000001813937756001779281634354046803630447653218696503921496324775473910921921636570347323619752420479995,3.535533905932737622004221810524245196424179688442370182941699344976831196155267597125968835819103932,13.83469789278027765132086795422530729035548573738318767238056265425716555017278624962335631407475452,21.56675682618969949422575304419789569818749609949845811594436600435867029654713234246840989849653398,3.252691193458118612243884065682305580710245313366980568306363397378684700462846189355891328953575617,-8.131727983645296530609710164205763951775613283417451420765908493446711751157115473389728322383939043,1.0,8.481023559490614296833045878858777016354950437893605489881450944978243366131685098657333689287240829e-111,-138345984.3082564862312963629697638137647669348338696975651507217957137312091574178759469542751927114,2.535519645339444341466824904361650443716857276105196469430494367828636057601191462387600096544875937,14.17039858761815335372944525142915079414518573727097499290255371054807558818117801480528614902975602,15.17039858761815335372944525142915079414518573727097499290255371054807558818117801480528614902975602,2.78994231399751333801227294786165893718444213477396548039259723243751419678829364462186740723002206e-111,3.204698725778763307778188963575968784451686912963351658759147249074538504161393792663070540433943953e-106,0.000000001476939125209795642679844606478601144104080463243586729611899393440895171117968294756220109182548506,0.0002674681324282470105427311936658878670461750271966295190274824336928135742072204631096066463750105597,0.00007120428216131354839192784330127329103628505166662398875832538013017382648347929536645521551968127064,0.0005289824707799323533208945357720942749649245066387583293078307954532125669865777403722364124264154978,0.0005521910821523808825754160654417888858964580633348903086320525578853312544963732920504697108573222356,0.00000000005221739520197905660952458842839240868968653470337183726547867701901876159830800420666998465162010734,0.00000000000104459594424874234072286980442337135606574581420798396729223542537184843672914354521834953374949191,-0.000000000000000009595362002325272537081790138436208893604471027697225642252168145958495948185538237756530863147624763,24.26226694058400527407441480534948887927905852376889494611206208893546303490849686450839187825080839,7.120433286184763042282096813046490526177432058882569061148582910350910284760849703438764566371915387,-44.58384670308660079799675273047224988072732884525586209341485896203405991675682290622094156928597025,0.00001952284734929582058147562726345883520556773553877753373048581100453493577138298209819853315561227541,0.000005521895099502755660155000315776624223795942245019077171135781886736203491027417484054242406142078442,True,True
raw,100000000,110,stationary witness; not an interval-certified global extremum,False,,False,100000000.0,16.97298368061219903774743670611351500174628722589974796893588161151564819785853049504128335411935432,3.535531635093046817973696347747841913243685659601517021641570686018184494759269068040972017366130735,0.0000001697298489582009212066086457131710736760687301096354432055177638119919519413797365649479784667780686,0.0000000000000213249207686181816152200082760816102636279848644474783472495387026078754493280584408718459218478192,3.535531635092311352502128847329111253273438899796778424459516391855996807720014240561152057692975656,0.0000001697298368061219903774743670611351500174628722589974796893588161151564819785853049504128335411935432,0.00000000000002132493447341699316449986454400897667885090734384650306229315207845863597854836954281892565134876533,3.535533905932737622004221810524245196424179688442370182941699344976831196155267597125968835819103932,13.83469789278027765132086795422530729035548573738318767238056265425716555017278624962335631407475452,21.56675682618969949422575304419789569818749609949845811594436600435867029654713234246840989849653398,3.252691193458118612243884065682305580710245313366980568306363397378684700462846189355891328953575617,-8.131727983645296530609710164205763951775613283417451420765908493446711751157115473389728322383939043,1.0,1.413775728127706293720135022972739266019377821939093500307145538308377931419421607750891152800098971e-110,-1383468638.257750608073360573923103494450308541012654495982694747469060092594067747515421975194199786,2.535532243906501129125536209415238199160625916416844816064794153398300549523274932539254509570260129,16.47298368061219903774743670611351500174628722589974796893588161151564819785853049504128335411935432,17.47298368061219903774743670611351500174628722589974796893588161151564819785853049504128335411935432,1.556750589200712464071907363607656650459312450675719647557632746296894473916829369667903902576450363e-110,4.720457171693368669446406223728812680096549007776785494640992168647043263322836170163710177522534554e-105,0.0000000000208021182519597143875106621755166711728535207194323202779126844054119252450453096659948841966700913,0.00003238736914577967712413217568208039808109112343354135075666277722173254326367344025242900371688155045,0.000007159659308847794894636184213972957668388254524016698901529952283094711205487456840489378834547771143,0.00006426658724902417245485323931539947647921699689323566031581481222006349905384232826420850861141984025,0.00006422908702793342149715280879160102415046333224416095269675219982659574896679036240790477797090973639,0.0000000000007354654715675004187306599702467598047385971820542941621876870392548274798199596731550785573696574548,0.00000000000001215207893082913427865203592365860585785063796351615894769683546996279443161453514492558452538816363,-0.0000000000000000000137047988115492798562679273664152229224793990247150436133758507605292203111019470797295009461313238,25.52971114962241591838183247280900224454008747432587005789122147543713724630039249256651952707246761,7.159659821455045783277781111696140742059653369622377950093330760708297227488727128325985565213914846,-47.57253311659105206457435578626414355170393539835544947097088942334167000804631948761081247642251435,0.000002270840426269502092963195133943150740788645591758482182953120834388435253356564816778126128275624078,0.0000006422906657630860493031605667609636305031155871004249205235779761027862338292468454581371747264095168,True,True
